group_code,group_name,table_name,column_name,declared_type,primary_key,not_null,required_without_default,nullable,schema_default,foreign_key,unique_participant,check_or_cross_column_rule,status_policy,derivation_or_authoring_rule,common_failure
G01,shared_reference,certification,id,INTEGER,yes,no,no,no,,,no,no,,Omit on INSERT to let SQLite/D1 allocate the row ID; never guess or reuse an ID.,invalid values may still be rejected by the canonical importer
G01,shared_reference,certification,certification_uuid,TEXT,no,yes,yes,no,,,yes,no,,Canonical importer generates or validates the stable identifier; manual SQL must provide it unless a table-specific template says otherwise.,omit → NOT NULL constraint failed: certification.certification_uuid; duplicate protected value → UNIQUE constraint failed
G01,shared_reference,certification,certification_name,TEXT,no,yes,yes,no,,,no,no,,No implicit business derivation. Follow the canonical importer or table-specific manual SQL template.,omit → NOT NULL constraint failed: certification.certification_name
G01,shared_reference,certification,normalized_certification_name,TEXT,no,yes,yes,no,,,no,no,,Canonical importer must normalize the source value before INSERT; manual SQL must provide the reviewed normalized value.,omit → NOT NULL constraint failed: certification.normalized_certification_name
G01,shared_reference,certification,certification_type_id,INTEGER,no,no,no,yes,,certification_type.id ON DELETE RESTRICT,no,no,,No implicit business derivation. Follow the canonical importer or table-specific manual SQL template.,unknown parent ID → FOREIGN KEY constraint failed
G01,shared_reference,certification,issuing_organization_id,INTEGER,no,no,no,yes,,issuing_organization.id ON DELETE RESTRICT,no,no,,No implicit business derivation. Follow the canonical importer or table-specific manual SQL template.,unknown parent ID → FOREIGN KEY constraint failed
G01,shared_reference,certification,certification_url,TEXT,no,no,no,yes,,,no,no,,No implicit business derivation. Follow the canonical importer or table-specific manual SQL template.,invalid values may still be rejected by the canonical importer
G01,shared_reference,certification,typical_validity_months,INTEGER,no,no,no,yes,,,no,yes,,No implicit business derivation. Follow the canonical importer or table-specific manual SQL template.,invalid value/combination → CHECK or trigger rejection
G01,shared_reference,certification,is_active,INTEGER,no,yes,no,no,1,,no,yes,default_active,New reviewed reference records are active unless the writer explicitly supplies 0.,invalid value/combination → CHECK or trigger rejection
G01,shared_reference,certification,created_at,TEXT,no,yes,yes,no,,,no,no,,Canonical importer writes an RFC 3339 UTC timestamp when the business event occurs; do not invent a placeholder time.,omit → NOT NULL constraint failed: certification.created_at
G01,shared_reference,certification,updated_at,TEXT,no,yes,yes,no,,,no,no,,Canonical importer writes an RFC 3339 UTC timestamp when the business event occurs; do not invent a placeholder time.,omit → NOT NULL constraint failed: certification.updated_at
G01,shared_reference,certification_type,id,INTEGER,yes,no,no,no,,,no,no,,Omit on INSERT to let SQLite/D1 allocate the row ID; never guess or reuse an ID.,invalid values may still be rejected by the canonical importer
G01,shared_reference,certification_type,certification_type_code,TEXT,no,yes,yes,no,,,yes,no,,No implicit business derivation. Follow the canonical importer or table-specific manual SQL template.,omit → NOT NULL constraint failed: certification_type.certification_type_code; duplicate protected value → UNIQUE constraint failed
G01,shared_reference,certification_type,certification_type_name,TEXT,no,yes,yes,no,,,yes,no,,No implicit business derivation. Follow the canonical importer or table-specific manual SQL template.,omit → NOT NULL constraint failed: certification_type.certification_type_name; duplicate protected value → UNIQUE constraint failed
G01,shared_reference,certification_type,is_active,INTEGER,no,yes,no,no,1,,no,yes,default_active,New reviewed reference records are active unless the writer explicitly supplies 0.,invalid value/combination → CHECK or trigger rejection
G01,shared_reference,certification_type,created_at,TEXT,no,yes,yes,no,,,no,no,,Canonical importer writes an RFC 3339 UTC timestamp when the business event occurs; do not invent a placeholder time.,omit → NOT NULL constraint failed: certification_type.created_at
G01,shared_reference,certification_type,updated_at,TEXT,no,yes,yes,no,,,no,no,,Canonical importer writes an RFC 3339 UTC timestamp when the business event occurs; do not invent a placeholder time.,omit → NOT NULL constraint failed: certification_type.updated_at
G01,shared_reference,city,id,INTEGER,yes,no,no,no,,,no,no,,Omit on INSERT to let SQLite/D1 allocate the row ID; never guess or reuse an ID.,invalid values may still be rejected by the canonical importer
G01,shared_reference,city,city_uuid,TEXT,no,yes,yes,no,,,yes,no,,Canonical importer generates or validates the stable identifier; manual SQL must provide it unless a table-specific template says otherwise.,omit → NOT NULL constraint failed: city.city_uuid; duplicate protected value → UNIQUE constraint failed
G01,shared_reference,city,country_id,INTEGER,no,yes,yes,no,,country.id ON DELETE RESTRICT,no,no,,No implicit business derivation. Follow the canonical importer or table-specific manual SQL template.,omit → NOT NULL constraint failed: city.country_id; unknown parent ID → FOREIGN KEY constraint failed
G01,shared_reference,city,state_id,INTEGER,no,no,no,yes,,state.id ON DELETE RESTRICT,no,no,,No implicit business derivation. Follow the canonical importer or table-specific manual SQL template.,unknown parent ID → FOREIGN KEY constraint failed
G01,shared_reference,city,city_name,TEXT,no,yes,yes,no,,,no,no,,No implicit business derivation. Follow the canonical importer or table-specific manual SQL template.,omit → NOT NULL constraint failed: city.city_name
G01,shared_reference,city,normalized_city_name,TEXT,no,yes,yes,no,,,no,no,,Canonical importer must normalize the source value before INSERT; manual SQL must provide the reviewed normalized value.,omit → NOT NULL constraint failed: city.normalized_city_name
G01,shared_reference,city,is_active,INTEGER,no,yes,no,no,1,,no,yes,default_active,New reviewed reference records are active unless the writer explicitly supplies 0.,invalid value/combination → CHECK or trigger rejection
G01,shared_reference,city,created_at,TEXT,no,yes,yes,no,,,no,no,,Canonical importer writes an RFC 3339 UTC timestamp when the business event occurs; do not invent a placeholder time.,omit → NOT NULL constraint failed: city.created_at
G01,shared_reference,city,updated_at,TEXT,no,yes,yes,no,,,no,no,,Canonical importer writes an RFC 3339 UTC timestamp when the business event occurs; do not invent a placeholder time.,omit → NOT NULL constraint failed: city.updated_at
G01,shared_reference,contact_type,id,INTEGER,yes,no,no,no,,,no,no,,Omit on INSERT to let SQLite/D1 allocate the row ID; never guess or reuse an ID.,invalid values may still be rejected by the canonical importer
G01,shared_reference,contact_type,contact_type_code,TEXT,no,yes,yes,no,,,yes,no,,No implicit business derivation. Follow the canonical importer or table-specific manual SQL template.,omit → NOT NULL constraint failed: contact_type.contact_type_code; duplicate protected value → UNIQUE constraint failed
G01,shared_reference,contact_type,contact_type_name,TEXT,no,yes,yes,no,,,yes,no,,No implicit business derivation. Follow the canonical importer or table-specific manual SQL template.,omit → NOT NULL constraint failed: contact_type.contact_type_name; duplicate protected value → UNIQUE constraint failed
G01,shared_reference,contact_type,is_active,INTEGER,no,yes,no,no,1,,no,yes,default_active,New reviewed reference records are active unless the writer explicitly supplies 0.,invalid value/combination → CHECK or trigger rejection
G01,shared_reference,contact_type,created_at,TEXT,no,yes,yes,no,,,no,no,,Canonical importer writes an RFC 3339 UTC timestamp when the business event occurs; do not invent a placeholder time.,omit → NOT NULL constraint failed: contact_type.created_at
G01,shared_reference,contact_type,updated_at,TEXT,no,yes,yes,no,,,no,no,,Canonical importer writes an RFC 3339 UTC timestamp when the business event occurs; do not invent a placeholder time.,omit → NOT NULL constraint failed: contact_type.updated_at
G01,shared_reference,country,id,INTEGER,yes,no,no,no,,,no,no,,Omit on INSERT to let SQLite/D1 allocate the row ID; never guess or reuse an ID.,invalid values may still be rejected by the canonical importer
G01,shared_reference,country,country_code,TEXT,no,yes,yes,no,,,yes,no,,No implicit business derivation. Follow the canonical importer or table-specific manual SQL template.,omit → NOT NULL constraint failed: country.country_code; duplicate protected value → UNIQUE constraint failed
G01,shared_reference,country,country_name,TEXT,no,yes,yes,no,,,yes,no,,No implicit business derivation. Follow the canonical importer or table-specific manual SQL template.,omit → NOT NULL constraint failed: country.country_name; duplicate protected value → UNIQUE constraint failed
G01,shared_reference,country,is_active,INTEGER,no,yes,no,no,1,,no,yes,default_active,New reviewed reference records are active unless the writer explicitly supplies 0.,invalid value/combination → CHECK or trigger rejection
G01,shared_reference,country,created_at,TEXT,no,yes,yes,no,,,no,no,,Canonical importer writes an RFC 3339 UTC timestamp when the business event occurs; do not invent a placeholder time.,omit → NOT NULL constraint failed: country.created_at
G01,shared_reference,country,updated_at,TEXT,no,yes,yes,no,,,no,no,,Canonical importer writes an RFC 3339 UTC timestamp when the business event occurs; do not invent a placeholder time.,omit → NOT NULL constraint failed: country.updated_at
G01,shared_reference,degree,id,INTEGER,yes,no,no,no,,,no,no,,Omit on INSERT to let SQLite/D1 allocate the row ID; never guess or reuse an ID.,invalid values may still be rejected by the canonical importer
G01,shared_reference,degree,degree_code,TEXT,no,yes,yes,no,,,yes,no,,No implicit business derivation. Follow the canonical importer or table-specific manual SQL template.,omit → NOT NULL constraint failed: degree.degree_code; duplicate protected value → UNIQUE constraint failed
G01,shared_reference,degree,degree_name,TEXT,no,yes,yes,no,,,yes,no,,No implicit business derivation. Follow the canonical importer or table-specific manual SQL template.,omit → NOT NULL constraint failed: degree.degree_name; duplicate protected value → UNIQUE constraint failed
G01,shared_reference,degree,degree_level_rank,INTEGER,no,yes,yes,no,,,yes,no,,No implicit business derivation. Follow the canonical importer or table-specific manual SQL template.,omit → NOT NULL constraint failed: degree.degree_level_rank; duplicate protected value → UNIQUE constraint failed
G01,shared_reference,degree,is_active,INTEGER,no,yes,no,no,1,,no,yes,default_active,New reviewed reference records are active unless the writer explicitly supplies 0.,invalid value/combination → CHECK or trigger rejection
G01,shared_reference,degree,created_at,TEXT,no,yes,yes,no,,,no,no,,Canonical importer writes an RFC 3339 UTC timestamp when the business event occurs; do not invent a placeholder time.,omit → NOT NULL constraint failed: degree.created_at
G01,shared_reference,degree,updated_at,TEXT,no,yes,yes,no,,,no,no,,Canonical importer writes an RFC 3339 UTC timestamp when the business event occurs; do not invent a placeholder time.,omit → NOT NULL constraint failed: degree.updated_at
G01,shared_reference,field_study,id,INTEGER,yes,no,no,no,,,no,no,,Omit on INSERT to let SQLite/D1 allocate the row ID; never guess or reuse an ID.,invalid values may still be rejected by the canonical importer
G01,shared_reference,field_study,field_study_uuid,TEXT,no,yes,yes,no,,,yes,no,,Canonical importer generates or validates the stable identifier; manual SQL must provide it unless a table-specific template says otherwise.,omit → NOT NULL constraint failed: field_study.field_study_uuid; duplicate protected value → UNIQUE constraint failed
G01,shared_reference,field_study,field_study_name,TEXT,no,yes,yes,no,,,no,no,,No implicit business derivation. Follow the canonical importer or table-specific manual SQL template.,omit → NOT NULL constraint failed: field_study.field_study_name
G01,shared_reference,field_study,normalized_field_study_name,TEXT,no,yes,yes,no,,,yes,no,,Canonical importer must normalize the source value before INSERT; manual SQL must provide the reviewed normalized value.,omit → NOT NULL constraint failed: field_study.normalized_field_study_name; duplicate protected value → UNIQUE constraint failed
G01,shared_reference,field_study,is_active,INTEGER,no,yes,no,no,1,,no,yes,default_active,New reviewed reference records are active unless the writer explicitly supplies 0.,invalid value/combination → CHECK or trigger rejection
G01,shared_reference,field_study,created_at,TEXT,no,yes,yes,no,,,no,no,,Canonical importer writes an RFC 3339 UTC timestamp when the business event occurs; do not invent a placeholder time.,omit → NOT NULL constraint failed: field_study.created_at
G01,shared_reference,field_study,updated_at,TEXT,no,yes,yes,no,,,no,no,,Canonical importer writes an RFC 3339 UTC timestamp when the business event occurs; do not invent a placeholder time.,omit → NOT NULL constraint failed: field_study.updated_at
G01,shared_reference,function,id,INTEGER,yes,no,no,no,,,no,no,,Omit on INSERT to let SQLite/D1 allocate the row ID; never guess or reuse an ID.,invalid values may still be rejected by the canonical importer
G01,shared_reference,function,function_code,TEXT,no,yes,yes,no,,,yes,no,,No implicit business derivation. Follow the canonical importer or table-specific manual SQL template.,omit → NOT NULL constraint failed: function.function_code; duplicate protected value → UNIQUE constraint failed
G01,shared_reference,function,function_name,TEXT,no,yes,yes,no,,,no,no,,No implicit business derivation. Follow the canonical importer or table-specific manual SQL template.,omit → NOT NULL constraint failed: function.function_name
G01,shared_reference,function,normalized_function_name,TEXT,no,yes,yes,no,,,yes,no,,Canonical importer must normalize the source value before INSERT; manual SQL must provide the reviewed normalized value.,omit → NOT NULL constraint failed: function.normalized_function_name; duplicate protected value → UNIQUE constraint failed
G01,shared_reference,function,is_active,INTEGER,no,yes,no,no,1,,no,yes,default_active,New reviewed reference records are active unless the writer explicitly supplies 0.,invalid value/combination → CHECK or trigger rejection
G01,shared_reference,function,created_at,TEXT,no,yes,yes,no,,,no,no,,Canonical importer writes an RFC 3339 UTC timestamp when the business event occurs; do not invent a placeholder time.,omit → NOT NULL constraint failed: function.created_at
G01,shared_reference,function,updated_at,TEXT,no,yes,yes,no,,,no,no,,Canonical importer writes an RFC 3339 UTC timestamp when the business event occurs; do not invent a placeholder time.,omit → NOT NULL constraint failed: function.updated_at
G01,shared_reference,issuing_organization,id,INTEGER,yes,no,no,no,,,no,no,,Omit on INSERT to let SQLite/D1 allocate the row ID; never guess or reuse an ID.,invalid values may still be rejected by the canonical importer
G01,shared_reference,issuing_organization,issuing_organization_uuid,TEXT,no,yes,yes,no,,,yes,no,,Canonical importer generates or validates the stable identifier; manual SQL must provide it unless a table-specific template says otherwise.,omit → NOT NULL constraint failed: issuing_organization.issuing_organization_uuid; duplicate protected value → UNIQUE constraint failed
G01,shared_reference,issuing_organization,organization_name,TEXT,no,yes,yes,no,,,no,no,,No implicit business derivation. Follow the canonical importer or table-specific manual SQL template.,omit → NOT NULL constraint failed: issuing_organization.organization_name
G01,shared_reference,issuing_organization,normalized_organization_name,TEXT,no,yes,yes,no,,,yes,no,,Canonical importer must normalize the source value before INSERT; manual SQL must provide the reviewed normalized value.,omit → NOT NULL constraint failed: issuing_organization.normalized_organization_name; duplicate protected value → UNIQUE constraint failed
G01,shared_reference,issuing_organization,organization_url,TEXT,no,no,no,yes,,,no,no,,No implicit business derivation. Follow the canonical importer or table-specific manual SQL template.,invalid values may still be rejected by the canonical importer
G01,shared_reference,issuing_organization,is_active,INTEGER,no,yes,no,no,1,,no,yes,default_active,New reviewed reference records are active unless the writer explicitly supplies 0.,invalid value/combination → CHECK or trigger rejection
G01,shared_reference,issuing_organization,created_at,TEXT,no,yes,yes,no,,,no,no,,Canonical importer writes an RFC 3339 UTC timestamp when the business event occurs; do not invent a placeholder time.,omit → NOT NULL constraint failed: issuing_organization.created_at
G01,shared_reference,issuing_organization,updated_at,TEXT,no,yes,yes,no,,,no,no,,Canonical importer writes an RFC 3339 UTC timestamp when the business event occurs; do not invent a placeholder time.,omit → NOT NULL constraint failed: issuing_organization.updated_at
G01,shared_reference,location,id,INTEGER,yes,no,no,no,,,no,no,,Omit on INSERT to let SQLite/D1 allocate the row ID; never guess or reuse an ID.,invalid values may still be rejected by the canonical importer
G01,shared_reference,location,location_uuid,TEXT,no,yes,yes,no,,,yes,no,,Canonical importer generates or validates the stable identifier; manual SQL must provide it unless a table-specific template says otherwise.,omit → NOT NULL constraint failed: location.location_uuid; duplicate protected value → UNIQUE constraint failed
G01,shared_reference,location,country_id,INTEGER,no,no,no,yes,,country.id ON DELETE RESTRICT,no,yes,,No implicit business derivation. Follow the canonical importer or table-specific manual SQL template.,unknown parent ID → FOREIGN KEY constraint failed; invalid value/combination → CHECK or trigger rejection
G01,shared_reference,location,state_id,INTEGER,no,no,no,yes,,state.id ON DELETE RESTRICT,no,yes,,No implicit business derivation. Follow the canonical importer or table-specific manual SQL template.,unknown parent ID → FOREIGN KEY constraint failed; invalid value/combination → CHECK or trigger rejection
G01,shared_reference,location,city_id,INTEGER,no,no,no,yes,,city.id ON DELETE RESTRICT,no,yes,,No implicit business derivation. Follow the canonical importer or table-specific manual SQL template.,unknown parent ID → FOREIGN KEY constraint failed; invalid value/combination → CHECK or trigger rejection
G01,shared_reference,location,postal_code,TEXT,no,no,no,yes,,,no,yes,,No implicit business derivation. Follow the canonical importer or table-specific manual SQL template.,invalid value/combination → CHECK or trigger rejection
G01,shared_reference,location,location_name,TEXT,no,no,no,yes,,,no,yes,,No implicit business derivation. Follow the canonical importer or table-specific manual SQL template.,invalid value/combination → CHECK or trigger rejection
G01,shared_reference,location,created_at,TEXT,no,yes,yes,no,,,no,no,,Canonical importer writes an RFC 3339 UTC timestamp when the business event occurs; do not invent a placeholder time.,omit → NOT NULL constraint failed: location.created_at
G01,shared_reference,location,updated_at,TEXT,no,yes,yes,no,,,no,no,,Canonical importer writes an RFC 3339 UTC timestamp when the business event occurs; do not invent a placeholder time.,omit → NOT NULL constraint failed: location.updated_at
G01,shared_reference,major,id,INTEGER,yes,no,no,no,,,no,no,,Omit on INSERT to let SQLite/D1 allocate the row ID; never guess or reuse an ID.,invalid values may still be rejected by the canonical importer
G01,shared_reference,major,major_uuid,TEXT,no,yes,yes,no,,,yes,no,,Canonical importer generates or validates the stable identifier; manual SQL must provide it unless a table-specific template says otherwise.,omit → NOT NULL constraint failed: major.major_uuid; duplicate protected value → UNIQUE constraint failed
G01,shared_reference,major,field_study_id,INTEGER,no,no,no,yes,,field_study.id ON DELETE RESTRICT,no,no,,No implicit business derivation. Follow the canonical importer or table-specific manual SQL template.,unknown parent ID → FOREIGN KEY constraint failed
G01,shared_reference,major,major_name,TEXT,no,yes,yes,no,,,no,no,,No implicit business derivation. Follow the canonical importer or table-specific manual SQL template.,omit → NOT NULL constraint failed: major.major_name
G01,shared_reference,major,normalized_major_name,TEXT,no,yes,yes,no,,,no,no,,Canonical importer must normalize the source value before INSERT; manual SQL must provide the reviewed normalized value.,omit → NOT NULL constraint failed: major.normalized_major_name
G01,shared_reference,major,is_stem,INTEGER,no,no,no,yes,,,no,yes,,No implicit business derivation. Follow the canonical importer or table-specific manual SQL template.,invalid value/combination → CHECK or trigger rejection
G01,shared_reference,major,is_active,INTEGER,no,yes,no,no,1,,no,yes,default_active,New reviewed reference records are active unless the writer explicitly supplies 0.,invalid value/combination → CHECK or trigger rejection
G01,shared_reference,major,created_at,TEXT,no,yes,yes,no,,,no,no,,Canonical importer writes an RFC 3339 UTC timestamp when the business event occurs; do not invent a placeholder time.,omit → NOT NULL constraint failed: major.created_at
G01,shared_reference,major,updated_at,TEXT,no,yes,yes,no,,,no,no,,Canonical importer writes an RFC 3339 UTC timestamp when the business event occurs; do not invent a placeholder time.,omit → NOT NULL constraint failed: major.updated_at
G01,shared_reference,position_employment_type,id,INTEGER,yes,no,no,no,,,no,no,,Omit on INSERT to let SQLite/D1 allocate the row ID; never guess or reuse an ID.,invalid values may still be rejected by the canonical importer
G01,shared_reference,position_employment_type,employment_type_code,TEXT,no,yes,yes,no,,,yes,no,,No implicit business derivation. Follow the canonical importer or table-specific manual SQL template.,omit → NOT NULL constraint failed: position_employment_type.employment_type_code; duplicate protected value → UNIQUE constraint failed
G01,shared_reference,position_employment_type,employment_type_name,TEXT,no,yes,yes,no,,,yes,no,,No implicit business derivation. Follow the canonical importer or table-specific manual SQL template.,omit → NOT NULL constraint failed: position_employment_type.employment_type_name; duplicate protected value → UNIQUE constraint failed
G01,shared_reference,position_employment_type,is_active,INTEGER,no,yes,no,no,1,,no,yes,default_active,New reviewed reference records are active unless the writer explicitly supplies 0.,invalid value/combination → CHECK or trigger rejection
G01,shared_reference,position_employment_type,created_at,TEXT,no,yes,yes,no,,,no,no,,Canonical importer writes an RFC 3339 UTC timestamp when the business event occurs; do not invent a placeholder time.,omit → NOT NULL constraint failed: position_employment_type.created_at
G01,shared_reference,position_employment_type,updated_at,TEXT,no,yes,yes,no,,,no,no,,Canonical importer writes an RFC 3339 UTC timestamp when the business event occurs; do not invent a placeholder time.,omit → NOT NULL constraint failed: position_employment_type.updated_at
G01,shared_reference,position_occupational_type,id,INTEGER,yes,no,no,no,,,no,no,,Omit on INSERT to let SQLite/D1 allocate the row ID; never guess or reuse an ID.,invalid values may still be rejected by the canonical importer
G01,shared_reference,position_occupational_type,occupational_code,TEXT,no,yes,yes,no,,,yes,no,,No implicit business derivation. Follow the canonical importer or table-specific manual SQL template.,omit → NOT NULL constraint failed: position_occupational_type.occupational_code; duplicate protected value → UNIQUE constraint failed
G01,shared_reference,position_occupational_type,occupational_type_name,TEXT,no,yes,yes,no,,,no,no,,No implicit business derivation. Follow the canonical importer or table-specific manual SQL template.,omit → NOT NULL constraint failed: position_occupational_type.occupational_type_name
G01,shared_reference,position_occupational_type,is_active,INTEGER,no,yes,no,no,1,,no,yes,default_active,New reviewed reference records are active unless the writer explicitly supplies 0.,invalid value/combination → CHECK or trigger rejection
G01,shared_reference,position_occupational_type,created_at,TEXT,no,yes,yes,no,,,no,no,,Canonical importer writes an RFC 3339 UTC timestamp when the business event occurs; do not invent a placeholder time.,omit → NOT NULL constraint failed: position_occupational_type.created_at
G01,shared_reference,position_occupational_type,updated_at,TEXT,no,yes,yes,no,,,no,no,,Canonical importer writes an RFC 3339 UTC timestamp when the business event occurs; do not invent a placeholder time.,omit → NOT NULL constraint failed: position_occupational_type.updated_at
G01,shared_reference,school,id,INTEGER,yes,no,no,no,,,no,no,,Omit on INSERT to let SQLite/D1 allocate the row ID; never guess or reuse an ID.,invalid values may still be rejected by the canonical importer
G01,shared_reference,school,school_uuid,TEXT,no,yes,yes,no,,,yes,no,,Canonical importer generates or validates the stable identifier; manual SQL must provide it unless a table-specific template says otherwise.,omit → NOT NULL constraint failed: school.school_uuid; duplicate protected value → UNIQUE constraint failed
G01,shared_reference,school,school_name,TEXT,no,yes,yes,no,,,no,no,,No implicit business derivation. Follow the canonical importer or table-specific manual SQL template.,omit → NOT NULL constraint failed: school.school_name
G01,shared_reference,school,normalized_school_name,TEXT,no,yes,yes,no,,,yes,no,,Canonical importer must normalize the source value before INSERT; manual SQL must provide the reviewed normalized value.,omit → NOT NULL constraint failed: school.normalized_school_name; duplicate protected value → UNIQUE constraint failed
G01,shared_reference,school,school_url,TEXT,no,no,no,yes,,,no,no,,No implicit business derivation. Follow the canonical importer or table-specific manual SQL template.,invalid values may still be rejected by the canonical importer
G01,shared_reference,school,school_type,TEXT,no,no,no,yes,,,no,no,,No implicit business derivation. Follow the canonical importer or table-specific manual SQL template.,invalid values may still be rejected by the canonical importer
G01,shared_reference,school,school_category,TEXT,no,no,no,yes,,,no,no,,No implicit business derivation. Follow the canonical importer or table-specific manual SQL template.,invalid values may still be rejected by the canonical importer
G01,shared_reference,school,is_active,INTEGER,no,yes,no,no,1,,no,yes,default_active,New reviewed reference records are active unless the writer explicitly supplies 0.,invalid value/combination → CHECK or trigger rejection
G01,shared_reference,school,created_at,TEXT,no,yes,yes,no,,,no,no,,Canonical importer writes an RFC 3339 UTC timestamp when the business event occurs; do not invent a placeholder time.,omit → NOT NULL constraint failed: school.created_at
G01,shared_reference,school,updated_at,TEXT,no,yes,yes,no,,,no,no,,Canonical importer writes an RFC 3339 UTC timestamp when the business event occurs; do not invent a placeholder time.,omit → NOT NULL constraint failed: school.updated_at
G01,shared_reference,seniority,id,INTEGER,yes,no,no,no,,,no,no,,Omit on INSERT to let SQLite/D1 allocate the row ID; never guess or reuse an ID.,invalid values may still be rejected by the canonical importer
G01,shared_reference,seniority,seniority_code,TEXT,no,yes,yes,no,,,yes,no,,No implicit business derivation. Follow the canonical importer or table-specific manual SQL template.,omit → NOT NULL constraint failed: seniority.seniority_code; duplicate protected value → UNIQUE constraint failed
G01,shared_reference,seniority,seniority_name,TEXT,no,yes,yes,no,,,no,no,,No implicit business derivation. Follow the canonical importer or table-specific manual SQL template.,omit → NOT NULL constraint failed: seniority.seniority_name
G01,shared_reference,seniority,seniority_rank,INTEGER,no,no,no,yes,,,no,no,,No implicit business derivation. Follow the canonical importer or table-specific manual SQL template.,invalid values may still be rejected by the canonical importer
G01,shared_reference,seniority,typical_experience_months_min,INTEGER,no,no,no,yes,,,no,yes,,No implicit business derivation. Follow the canonical importer or table-specific manual SQL template.,invalid value/combination → CHECK or trigger rejection
G01,shared_reference,seniority,typical_experience_months_max,INTEGER,no,no,no,yes,,,no,yes,,No implicit business derivation. Follow the canonical importer or table-specific manual SQL template.,invalid value/combination → CHECK or trigger rejection
G01,shared_reference,seniority,is_active,INTEGER,no,yes,no,no,1,,no,yes,default_active,New reviewed reference records are active unless the writer explicitly supplies 0.,invalid value/combination → CHECK or trigger rejection
G01,shared_reference,seniority,created_at,TEXT,no,yes,yes,no,,,no,no,,Canonical importer writes an RFC 3339 UTC timestamp when the business event occurs; do not invent a placeholder time.,omit → NOT NULL constraint failed: seniority.created_at
G01,shared_reference,seniority,updated_at,TEXT,no,yes,yes,no,,,no,no,,Canonical importer writes an RFC 3339 UTC timestamp when the business event occurs; do not invent a placeholder time.,omit → NOT NULL constraint failed: seniority.updated_at
G01,shared_reference,skill,id,INTEGER,yes,no,no,no,,,no,no,,Omit on INSERT to let SQLite/D1 allocate the row ID; never guess or reuse an ID.,invalid values may still be rejected by the canonical importer
G01,shared_reference,skill,skill_uuid,TEXT,no,yes,yes,no,,,yes,no,,Canonical importer generates or validates the stable identifier; manual SQL must provide it unless a table-specific template says otherwise.,omit → NOT NULL constraint failed: skill.skill_uuid; duplicate protected value → UNIQUE constraint failed
G01,shared_reference,skill,skill_name,TEXT,no,yes,yes,no,,,no,no,,No implicit business derivation. Follow the canonical importer or table-specific manual SQL template.,omit → NOT NULL constraint failed: skill.skill_name
G01,shared_reference,skill,normalized_skill_name,TEXT,no,yes,yes,no,,,yes,no,,Canonical importer must normalize the source value before INSERT; manual SQL must provide the reviewed normalized value.,omit → NOT NULL constraint failed: skill.normalized_skill_name; duplicate protected value → UNIQUE constraint failed
G01,shared_reference,skill,is_active,INTEGER,no,yes,no,no,1,,no,yes,default_active,New reviewed reference records are active unless the writer explicitly supplies 0.,invalid value/combination → CHECK or trigger rejection
G01,shared_reference,skill,created_at,TEXT,no,yes,yes,no,,,no,no,,Canonical importer writes an RFC 3339 UTC timestamp when the business event occurs; do not invent a placeholder time.,omit → NOT NULL constraint failed: skill.created_at
G01,shared_reference,skill,updated_at,TEXT,no,yes,yes,no,,,no,no,,Canonical importer writes an RFC 3339 UTC timestamp when the business event occurs; do not invent a placeholder time.,omit → NOT NULL constraint failed: skill.updated_at
G01,shared_reference,skill_proficiency_level,id,INTEGER,yes,no,no,no,,,no,no,,Omit on INSERT to let SQLite/D1 allocate the row ID; never guess or reuse an ID.,invalid values may still be rejected by the canonical importer
G01,shared_reference,skill_proficiency_level,proficiency_level_code,TEXT,no,yes,yes,no,,,yes,no,,No implicit business derivation. Follow the canonical importer or table-specific manual SQL template.,omit → NOT NULL constraint failed: skill_proficiency_level.proficiency_level_code; duplicate protected value → UNIQUE constraint failed
G01,shared_reference,skill_proficiency_level,proficiency_level_name,TEXT,no,yes,yes,no,,,yes,no,,No implicit business derivation. Follow the canonical importer or table-specific manual SQL template.,omit → NOT NULL constraint failed: skill_proficiency_level.proficiency_level_name; duplicate protected value → UNIQUE constraint failed
G01,shared_reference,skill_proficiency_level,proficiency_level_rank,INTEGER,no,yes,yes,no,,,yes,no,,No implicit business derivation. Follow the canonical importer or table-specific manual SQL template.,omit → NOT NULL constraint failed: skill_proficiency_level.proficiency_level_rank; duplicate protected value → UNIQUE constraint failed
G01,shared_reference,skill_proficiency_level,is_active,INTEGER,no,yes,no,no,1,,no,yes,default_active,New reviewed reference records are active unless the writer explicitly supplies 0.,invalid value/combination → CHECK or trigger rejection
G01,shared_reference,skill_proficiency_level,created_at,TEXT,no,yes,yes,no,,,no,no,,Canonical importer writes an RFC 3339 UTC timestamp when the business event occurs; do not invent a placeholder time.,omit → NOT NULL constraint failed: skill_proficiency_level.created_at
G01,shared_reference,skill_proficiency_level,updated_at,TEXT,no,yes,yes,no,,,no,no,,Canonical importer writes an RFC 3339 UTC timestamp when the business event occurs; do not invent a placeholder time.,omit → NOT NULL constraint failed: skill_proficiency_level.updated_at
G01,shared_reference,skill_type,id,INTEGER,yes,no,no,no,,,no,no,,Omit on INSERT to let SQLite/D1 allocate the row ID; never guess or reuse an ID.,invalid values may still be rejected by the canonical importer
G01,shared_reference,skill_type,skill_type_code,TEXT,no,yes,yes,no,,,yes,no,,No implicit business derivation. Follow the canonical importer or table-specific manual SQL template.,omit → NOT NULL constraint failed: skill_type.skill_type_code; duplicate protected value → UNIQUE constraint failed
G01,shared_reference,skill_type,skill_type_name,TEXT,no,yes,yes,no,,,yes,no,,No implicit business derivation. Follow the canonical importer or table-specific manual SQL template.,omit → NOT NULL constraint failed: skill_type.skill_type_name; duplicate protected value → UNIQUE constraint failed
G01,shared_reference,skill_type,is_active,INTEGER,no,yes,no,no,1,,no,yes,default_active,New reviewed reference records are active unless the writer explicitly supplies 0.,invalid value/combination → CHECK or trigger rejection
G01,shared_reference,skill_type,created_at,TEXT,no,yes,yes,no,,,no,no,,Canonical importer writes an RFC 3339 UTC timestamp when the business event occurs; do not invent a placeholder time.,omit → NOT NULL constraint failed: skill_type.created_at
G01,shared_reference,skill_type,updated_at,TEXT,no,yes,yes,no,,,no,no,,Canonical importer writes an RFC 3339 UTC timestamp when the business event occurs; do not invent a placeholder time.,omit → NOT NULL constraint failed: skill_type.updated_at
G01,shared_reference,skill_type_assignment,id,INTEGER,yes,no,no,no,,,no,no,,Omit on INSERT to let SQLite/D1 allocate the row ID; never guess or reuse an ID.,invalid values may still be rejected by the canonical importer
G01,shared_reference,skill_type_assignment,skill_id,INTEGER,no,yes,yes,no,,skill.id ON DELETE CASCADE,yes,no,,No implicit business derivation. Follow the canonical importer or table-specific manual SQL template.,omit → NOT NULL constraint failed: skill_type_assignment.skill_id; unknown parent ID → FOREIGN KEY constraint failed; duplicate protected value → UNIQUE constraint failed
G01,shared_reference,skill_type_assignment,skill_type_id,INTEGER,no,yes,yes,no,,skill_type.id ON DELETE RESTRICT,yes,no,,No implicit business derivation. Follow the canonical importer or table-specific manual SQL template.,omit → NOT NULL constraint failed: skill_type_assignment.skill_type_id; unknown parent ID → FOREIGN KEY constraint failed; duplicate protected value → UNIQUE constraint failed
G01,shared_reference,skill_type_assignment,created_at,TEXT,no,yes,yes,no,,,no,no,,Canonical importer writes an RFC 3339 UTC timestamp when the business event occurs; do not invent a placeholder time.,omit → NOT NULL constraint failed: skill_type_assignment.created_at
G01,shared_reference,state,id,INTEGER,yes,no,no,no,,,no,no,,Omit on INSERT to let SQLite/D1 allocate the row ID; never guess or reuse an ID.,invalid values may still be rejected by the canonical importer
G01,shared_reference,state,country_id,INTEGER,no,yes,yes,no,,country.id ON DELETE RESTRICT,yes,no,,No implicit business derivation. Follow the canonical importer or table-specific manual SQL template.,omit → NOT NULL constraint failed: state.country_id; unknown parent ID → FOREIGN KEY constraint failed; duplicate protected value → UNIQUE constraint failed
G01,shared_reference,state,state_code,TEXT,no,no,no,yes,,,no,no,,No implicit business derivation. Follow the canonical importer or table-specific manual SQL template.,invalid values may still be rejected by the canonical importer
G01,shared_reference,state,state_name,TEXT,no,yes,yes,no,,,no,no,,No implicit business derivation. Follow the canonical importer or table-specific manual SQL template.,omit → NOT NULL constraint failed: state.state_name
G01,shared_reference,state,normalized_state_name,TEXT,no,yes,yes,no,,,yes,no,,Canonical importer must normalize the source value before INSERT; manual SQL must provide the reviewed normalized value.,omit → NOT NULL constraint failed: state.normalized_state_name; duplicate protected value → UNIQUE constraint failed
G01,shared_reference,state,is_active,INTEGER,no,yes,no,no,1,,no,yes,default_active,New reviewed reference records are active unless the writer explicitly supplies 0.,invalid value/combination → CHECK or trigger rejection
G01,shared_reference,state,created_at,TEXT,no,yes,yes,no,,,no,no,,Canonical importer writes an RFC 3339 UTC timestamp when the business event occurs; do not invent a placeholder time.,omit → NOT NULL constraint failed: state.created_at
G01,shared_reference,state,updated_at,TEXT,no,yes,yes,no,,,no,no,,Canonical importer writes an RFC 3339 UTC timestamp when the business event occurs; do not invent a placeholder time.,omit → NOT NULL constraint failed: state.updated_at
G01,shared_reference,work_mode,id,INTEGER,yes,no,no,no,,,no,no,,Omit on INSERT to let SQLite/D1 allocate the row ID; never guess or reuse an ID.,invalid values may still be rejected by the canonical importer
G01,shared_reference,work_mode,work_mode_code,TEXT,no,yes,yes,no,,,yes,no,,No implicit business derivation. Follow the canonical importer or table-specific manual SQL template.,omit → NOT NULL constraint failed: work_mode.work_mode_code; duplicate protected value → UNIQUE constraint failed
G01,shared_reference,work_mode,work_mode_name,TEXT,no,yes,yes,no,,,yes,no,,No implicit business derivation. Follow the canonical importer or table-specific manual SQL template.,omit → NOT NULL constraint failed: work_mode.work_mode_name; duplicate protected value → UNIQUE constraint failed
G01,shared_reference,work_mode,is_active,INTEGER,no,yes,no,no,1,,no,yes,default_active,New reviewed reference records are active unless the writer explicitly supplies 0.,invalid value/combination → CHECK or trigger rejection
G01,shared_reference,work_mode,created_at,TEXT,no,yes,yes,no,,,no,no,,Canonical importer writes an RFC 3339 UTC timestamp when the business event occurs; do not invent a placeholder time.,omit → NOT NULL constraint failed: work_mode.created_at
G01,shared_reference,work_mode,updated_at,TEXT,no,yes,yes,no,,,no,no,,Canonical importer writes an RFC 3339 UTC timestamp when the business event occurs; do not invent a placeholder time.,omit → NOT NULL constraint failed: work_mode.updated_at
G02,recruitment_catalog,catalog_revision,id,INTEGER,yes,no,no,no,,,no,no,,Omit on INSERT to let SQLite/D1 allocate the row ID; never guess or reuse an ID.,invalid values may still be rejected by the canonical importer
G02,recruitment_catalog,catalog_revision,catalog_revision_uuid,TEXT,no,yes,yes,no,,,yes,yes,,Canonical importer generates or validates the stable identifier; manual SQL must provide it unless a table-specific template says otherwise.,omit → NOT NULL constraint failed: catalog_revision.catalog_revision_uuid; duplicate protected value → UNIQUE constraint failed; invalid value/combination → CHECK or trigger rejection
G02,recruitment_catalog,catalog_revision,revision_number,INTEGER,no,yes,yes,no,,,yes,yes,,No implicit business derivation. Follow the canonical importer or table-specific manual SQL template.,omit → NOT NULL constraint failed: catalog_revision.revision_number; duplicate protected value → UNIQUE constraint failed; invalid value/combination → CHECK or trigger rejection
G02,recruitment_catalog,catalog_revision,catalog_snapshot_json,TEXT,no,yes,yes,no,,,no,yes,,No implicit business derivation. Follow the canonical importer or table-specific manual SQL template.,omit → NOT NULL constraint failed: catalog_revision.catalog_snapshot_json; invalid value/combination → CHECK or trigger rejection
G02,recruitment_catalog,catalog_revision,snapshot_sha256,TEXT,no,yes,yes,no,,,yes,yes,,No implicit business derivation. Follow the canonical importer or table-specific manual SQL template.,omit → NOT NULL constraint failed: catalog_revision.snapshot_sha256; duplicate protected value → UNIQUE constraint failed; invalid value/combination → CHECK or trigger rejection
G02,recruitment_catalog,catalog_revision,change_reason,TEXT,no,no,no,yes,,,no,no,,No implicit business derivation. Follow the canonical importer or table-specific manual SQL template.,invalid values may still be rejected by the canonical importer
G02,recruitment_catalog,catalog_revision,created_by_actor,TEXT,no,no,no,yes,,,no,no,,No implicit business derivation. Follow the canonical importer or table-specific manual SQL template.,invalid values may still be rejected by the canonical importer
G02,recruitment_catalog,catalog_revision,created_at,TEXT,no,yes,yes,no,,,no,no,,Canonical importer writes an RFC 3339 UTC timestamp when the business event occurs; do not invent a placeholder time.,omit → NOT NULL constraint failed: catalog_revision.created_at
G02,recruitment_catalog,catalog_sync_run,id,INTEGER,yes,no,no,no,,,no,no,,Omit on INSERT to let SQLite/D1 allocate the row ID; never guess or reuse an ID.,invalid values may still be rejected by the canonical importer
G02,recruitment_catalog,catalog_sync_run,catalog_sync_run_uuid,TEXT,no,yes,yes,no,,,yes,no,,Canonical importer generates or validates the stable identifier; manual SQL must provide it unless a table-specific template says otherwise.,omit → NOT NULL constraint failed: catalog_sync_run.catalog_sync_run_uuid; duplicate protected value → UNIQUE constraint failed
G02,recruitment_catalog,catalog_sync_run,catalog_revision_id,INTEGER,no,yes,yes,no,,catalog_revision.id ON DELETE RESTRICT,no,no,,No implicit business derivation. Follow the canonical importer or table-specific manual SQL template.,omit → NOT NULL constraint failed: catalog_sync_run.catalog_revision_id; unknown parent ID → FOREIGN KEY constraint failed
G02,recruitment_catalog,catalog_sync_run,triggering_outbox_event_id,INTEGER,no,no,no,yes,,,no,no,,No implicit business derivation. Follow the canonical importer or table-specific manual SQL template.,invalid values may still be rejected by the canonical importer
G02,recruitment_catalog,catalog_sync_run,idempotency_key,TEXT,no,yes,yes,no,,,yes,no,,Canonical importer generates or validates the stable identifier; manual SQL must provide it unless a table-specific template says otherwise.,omit → NOT NULL constraint failed: catalog_sync_run.idempotency_key; duplicate protected value → UNIQUE constraint failed
G02,recruitment_catalog,catalog_sync_run,sync_status,TEXT,no,yes,no,no,pending,,no,yes,schema_default,A new catalog synchronization waits for its dispatcher.,invalid value/combination → CHECK or trigger rejection
G02,recruitment_catalog,catalog_sync_run,expected_target_count,INTEGER,no,yes,no,no,0,,no,yes,,No implicit business derivation. Follow the canonical importer or table-specific manual SQL template.,invalid value/combination → CHECK or trigger rejection
G02,recruitment_catalog,catalog_sync_run,succeeded_target_count,INTEGER,no,yes,no,no,0,,no,yes,,No implicit business derivation. Follow the canonical importer or table-specific manual SQL template.,invalid value/combination → CHECK or trigger rejection
G02,recruitment_catalog,catalog_sync_run,failed_target_count,INTEGER,no,yes,no,no,0,,no,yes,,No implicit business derivation. Follow the canonical importer or table-specific manual SQL template.,invalid value/combination → CHECK or trigger rejection
G02,recruitment_catalog,catalog_sync_run,started_at,TEXT,no,no,no,yes,,,no,no,,Canonical importer writes an RFC 3339 UTC timestamp when the business event occurs; do not invent a placeholder time.,invalid values may still be rejected by the canonical importer
G02,recruitment_catalog,catalog_sync_run,completed_at,TEXT,no,no,no,yes,,,no,no,,Canonical importer writes an RFC 3339 UTC timestamp when the business event occurs; do not invent a placeholder time.,invalid values may still be rejected by the canonical importer
G02,recruitment_catalog,catalog_sync_run,created_at,TEXT,no,yes,yes,no,,,no,no,,Canonical importer writes an RFC 3339 UTC timestamp when the business event occurs; do not invent a placeholder time.,omit → NOT NULL constraint failed: catalog_sync_run.created_at
G02,recruitment_catalog,catalog_sync_run,updated_at,TEXT,no,yes,yes,no,,,no,no,,Canonical importer writes an RFC 3339 UTC timestamp when the business event occurs; do not invent a placeholder time.,omit → NOT NULL constraint failed: catalog_sync_run.updated_at
G02,recruitment_catalog,catalog_sync_target_run,id,INTEGER,yes,no,no,no,,,no,no,,Omit on INSERT to let SQLite/D1 allocate the row ID; never guess or reuse an ID.,invalid values may still be rejected by the canonical importer
G02,recruitment_catalog,catalog_sync_target_run,catalog_sync_run_id,INTEGER,no,yes,yes,no,,catalog_sync_run.id ON DELETE CASCADE,yes,no,,No implicit business derivation. Follow the canonical importer or table-specific manual SQL template.,omit → NOT NULL constraint failed: catalog_sync_target_run.catalog_sync_run_id; unknown parent ID → FOREIGN KEY constraint failed; duplicate protected value → UNIQUE constraint failed
G02,recruitment_catalog,catalog_sync_target_run,target_type,TEXT,no,yes,yes,no,,,yes,yes,,No implicit business derivation. Follow the canonical importer or table-specific manual SQL template.,omit → NOT NULL constraint failed: catalog_sync_target_run.target_type; duplicate protected value → UNIQUE constraint failed; invalid value/combination → CHECK or trigger rejection
G02,recruitment_catalog,catalog_sync_target_run,target_key,TEXT,no,yes,yes,no,,,yes,yes,,Canonical importer generates or validates the stable identifier; manual SQL must provide it unless a table-specific template says otherwise.,omit → NOT NULL constraint failed: catalog_sync_target_run.target_key; duplicate protected value → UNIQUE constraint failed; invalid value/combination → CHECK or trigger rejection
G02,recruitment_catalog,catalog_sync_target_run,target_status,TEXT,no,yes,no,no,pending,,no,yes,schema_default,A new provider target waits for provider-specific delivery.,invalid value/combination → CHECK or trigger rejection
G02,recruitment_catalog,catalog_sync_target_run,attempt_count,INTEGER,no,yes,no,no,0,,no,yes,,No implicit business derivation. Follow the canonical importer or table-specific manual SQL template.,invalid value/combination → CHECK or trigger rejection
G02,recruitment_catalog,catalog_sync_target_run,external_revision_key,TEXT,no,no,no,yes,,,no,no,,Canonical importer generates or validates the stable identifier; manual SQL must provide it unless a table-specific template says otherwise.,invalid values may still be rejected by the canonical importer
G02,recruitment_catalog,catalog_sync_target_run,last_error_code,TEXT,no,no,no,yes,,,no,no,,No implicit business derivation. Follow the canonical importer or table-specific manual SQL template.,invalid values may still be rejected by the canonical importer
G02,recruitment_catalog,catalog_sync_target_run,last_error_detail,TEXT,no,no,no,yes,,,no,no,,No implicit business derivation. Follow the canonical importer or table-specific manual SQL template.,invalid values may still be rejected by the canonical importer
G02,recruitment_catalog,catalog_sync_target_run,next_attempt_at,TEXT,no,no,no,yes,,,no,no,,Canonical importer writes an RFC 3339 UTC timestamp when the business event occurs; do not invent a placeholder time.,invalid values may still be rejected by the canonical importer
G02,recruitment_catalog,catalog_sync_target_run,started_at,TEXT,no,no,no,yes,,,no,no,,Canonical importer writes an RFC 3339 UTC timestamp when the business event occurs; do not invent a placeholder time.,invalid values may still be rejected by the canonical importer
G02,recruitment_catalog,catalog_sync_target_run,completed_at,TEXT,no,no,no,yes,,,no,no,,Canonical importer writes an RFC 3339 UTC timestamp when the business event occurs; do not invent a placeholder time.,invalid values may still be rejected by the canonical importer
G02,recruitment_catalog,catalog_sync_target_run,created_at,TEXT,no,yes,yes,no,,,no,no,,Canonical importer writes an RFC 3339 UTC timestamp when the business event occurs; do not invent a placeholder time.,omit → NOT NULL constraint failed: catalog_sync_target_run.created_at
G02,recruitment_catalog,catalog_sync_target_run,updated_at,TEXT,no,yes,yes,no,,,no,no,,Canonical importer writes an RFC 3339 UTC timestamp when the business event occurs; do not invent a placeholder time.,omit → NOT NULL constraint failed: catalog_sync_target_run.updated_at
G02,recruitment_catalog,company,id,INTEGER,yes,no,no,no,,,no,no,,Omit on INSERT to let SQLite/D1 allocate the row ID; never guess or reuse an ID.,invalid values may still be rejected by the canonical importer
G02,recruitment_catalog,company,company_uuid,TEXT,no,yes,yes,no,,,yes,yes,,Canonical importer generates or validates the stable identifier; manual SQL must provide it unless a table-specific template says otherwise.,omit → NOT NULL constraint failed: company.company_uuid; duplicate protected value → UNIQUE constraint failed; invalid value/combination → CHECK or trigger rejection
G02,recruitment_catalog,company,company_name,TEXT,no,yes,yes,no,,,no,yes,,No implicit business derivation. Follow the canonical importer or table-specific manual SQL template.,omit → NOT NULL constraint failed: company.company_name; invalid value/combination → CHECK or trigger rejection
G02,recruitment_catalog,company,normalized_company_name,TEXT,no,yes,yes,no,,,no,yes,,Canonical importer must normalize the source value before INSERT; manual SQL must provide the reviewed normalized value.,omit → NOT NULL constraint failed: company.normalized_company_name; invalid value/combination → CHECK or trigger rejection
G02,recruitment_catalog,company,company_website_url,TEXT,no,no,no,yes,,,no,no,,No implicit business derivation. Follow the canonical importer or table-specific manual SQL template.,invalid values may still be rejected by the canonical importer
G02,recruitment_catalog,company,company_linkedin_url,TEXT,no,no,no,yes,,,no,no,,No implicit business derivation. Follow the canonical importer or table-specific manual SQL template.,invalid values may still be rejected by the canonical importer
G02,recruitment_catalog,company,company_description,TEXT,no,no,no,yes,,,no,no,,No implicit business derivation. Follow the canonical importer or table-specific manual SQL template.,invalid values may still be rejected by the canonical importer
G02,recruitment_catalog,company,is_active,INTEGER,no,yes,no,no,1,,no,yes,default_active,New catalog records are active unless the writer explicitly supplies 0.,invalid value/combination → CHECK or trigger rejection
G02,recruitment_catalog,company,default_max_submission_attempts,INTEGER,no,no,no,yes,5,,no,yes,,No implicit business derivation. Follow the canonical importer or table-specific manual SQL template.,invalid value/combination → CHECK or trigger rejection
G02,recruitment_catalog,company,created_at,TEXT,no,yes,yes,no,,,no,no,,Canonical importer writes an RFC 3339 UTC timestamp when the business event occurs; do not invent a placeholder time.,omit → NOT NULL constraint failed: company.created_at
G02,recruitment_catalog,company,updated_at,TEXT,no,yes,yes,no,,,no,no,,Canonical importer writes an RFC 3339 UTC timestamp when the business event occurs; do not invent a placeholder time.,omit → NOT NULL constraint failed: company.updated_at
G02,recruitment_catalog,company_contact_info,id,INTEGER,yes,no,no,no,,,no,no,,Omit on INSERT to let SQLite/D1 allocate the row ID; never guess or reuse an ID.,invalid values may still be rejected by the canonical importer
G02,recruitment_catalog,company_contact_info,company_id,INTEGER,no,yes,yes,no,,company.id ON DELETE CASCADE,no,no,,No implicit business derivation. Follow the canonical importer or table-specific manual SQL template.,omit → NOT NULL constraint failed: company_contact_info.company_id; unknown parent ID → FOREIGN KEY constraint failed
G02,recruitment_catalog,company_contact_info,contact_type_id,INTEGER,no,no,no,yes,,contact_type.id ON DELETE RESTRICT,no,no,,No implicit business derivation. Follow the canonical importer or table-specific manual SQL template.,unknown parent ID → FOREIGN KEY constraint failed
G02,recruitment_catalog,company_contact_info,contact_value,TEXT,no,yes,yes,no,,,no,yes,,No implicit business derivation. Follow the canonical importer or table-specific manual SQL template.,omit → NOT NULL constraint failed: company_contact_info.contact_value; invalid value/combination → CHECK or trigger rejection
G02,recruitment_catalog,company_contact_info,contact_name,TEXT,no,no,no,yes,,,no,no,,No implicit business derivation. Follow the canonical importer or table-specific manual SQL template.,invalid values may still be rejected by the canonical importer
G02,recruitment_catalog,company_contact_info,contact_position_title,TEXT,no,no,no,yes,,,no,no,,No implicit business derivation. Follow the canonical importer or table-specific manual SQL template.,invalid values may still be rejected by the canonical importer
G02,recruitment_catalog,company_contact_info,is_primary,INTEGER,no,yes,no,no,0,,no,yes,,No implicit business derivation. Follow the canonical importer or table-specific manual SQL template.,invalid value/combination → CHECK or trigger rejection
G02,recruitment_catalog,company_contact_info,priority_rank,INTEGER,no,no,no,yes,,,no,yes,,No implicit business derivation. Follow the canonical importer or table-specific manual SQL template.,invalid value/combination → CHECK or trigger rejection
G02,recruitment_catalog,company_contact_info,is_active,INTEGER,no,yes,no,no,1,,no,yes,default_active,New company contacts are active unless the writer explicitly supplies 0.,invalid value/combination → CHECK or trigger rejection
G02,recruitment_catalog,company_contact_info,created_at,TEXT,no,yes,yes,no,,,no,no,,Canonical importer writes an RFC 3339 UTC timestamp when the business event occurs; do not invent a placeholder time.,omit → NOT NULL constraint failed: company_contact_info.created_at
G02,recruitment_catalog,company_contact_info,updated_at,TEXT,no,yes,yes,no,,,no,no,,Canonical importer writes an RFC 3339 UTC timestamp when the business event occurs; do not invent a placeholder time.,omit → NOT NULL constraint failed: company_contact_info.updated_at
G02,recruitment_catalog,company_work_mode,id,INTEGER,yes,no,no,no,,,no,no,,Omit on INSERT to let SQLite/D1 allocate the row ID; never guess or reuse an ID.,invalid values may still be rejected by the canonical importer
G02,recruitment_catalog,company_work_mode,company_id,INTEGER,no,yes,yes,no,,company.id ON DELETE CASCADE,yes,no,,No implicit business derivation. Follow the canonical importer or table-specific manual SQL template.,omit → NOT NULL constraint failed: company_work_mode.company_id; unknown parent ID → FOREIGN KEY constraint failed; duplicate protected value → UNIQUE constraint failed
G02,recruitment_catalog,company_work_mode,work_mode_id,INTEGER,no,yes,yes,no,,work_mode.id ON DELETE RESTRICT,yes,no,,No implicit business derivation. Follow the canonical importer or table-specific manual SQL template.,omit → NOT NULL constraint failed: company_work_mode.work_mode_id; unknown parent ID → FOREIGN KEY constraint failed; duplicate protected value → UNIQUE constraint failed
G02,recruitment_catalog,company_work_mode,is_active,INTEGER,no,yes,no,no,1,,no,yes,default_active,New company work modes are active unless the writer explicitly supplies 0.,invalid value/combination → CHECK or trigger rejection
G02,recruitment_catalog,company_work_mode,created_at,TEXT,no,yes,yes,no,,,no,no,,Canonical importer writes an RFC 3339 UTC timestamp when the business event occurs; do not invent a placeholder time.,omit → NOT NULL constraint failed: company_work_mode.created_at
G02,recruitment_catalog,company_work_mode,updated_at,TEXT,no,yes,yes,no,,,no,no,,Canonical importer writes an RFC 3339 UTC timestamp when the business event occurs; do not invent a placeholder time.,omit → NOT NULL constraint failed: company_work_mode.updated_at
G02,recruitment_catalog,position,id,INTEGER,yes,no,no,no,,,no,no,,Omit on INSERT to let SQLite/D1 allocate the row ID; never guess or reuse an ID.,invalid values may still be rejected by the canonical importer
G02,recruitment_catalog,position,position_uuid,TEXT,no,yes,yes,no,,,yes,yes,,Canonical importer generates or validates the stable identifier; manual SQL must provide it unless a table-specific template says otherwise.,omit → NOT NULL constraint failed: position.position_uuid; duplicate protected value → UNIQUE constraint failed; invalid value/combination → CHECK or trigger rejection
G02,recruitment_catalog,position,company_id,INTEGER,no,yes,yes,no,,company.id ON DELETE RESTRICT,no,no,,No implicit business derivation. Follow the canonical importer or table-specific manual SQL template.,omit → NOT NULL constraint failed: position.company_id; unknown parent ID → FOREIGN KEY constraint failed
G02,recruitment_catalog,position,position_name,TEXT,no,yes,yes,no,,,no,yes,,No implicit business derivation. Follow the canonical importer or table-specific manual SQL template.,omit → NOT NULL constraint failed: position.position_name; invalid value/combination → CHECK or trigger rejection
G02,recruitment_catalog,position,normalized_position_name,TEXT,no,yes,yes,no,,,no,yes,,Canonical importer must normalize the source value before INSERT; manual SQL must provide the reviewed normalized value.,omit → NOT NULL constraint failed: position.normalized_position_name; invalid value/combination → CHECK or trigger rejection
G02,recruitment_catalog,position,position_jd,TEXT,no,no,no,yes,,,no,yes,,May be NULL for draft Positions; active status requires trimmed JD length of at least 10 characters.,invalid value/combination → CHECK or trigger rejection
G02,recruitment_catalog,position,occupational_type_id,INTEGER,no,no,no,yes,,position_occupational_type.id ON DELETE RESTRICT,no,no,,No implicit business derivation. Follow the canonical importer or table-specific manual SQL template.,unknown parent ID → FOREIGN KEY constraint failed
G02,recruitment_catalog,position,employment_type_id,INTEGER,no,no,no,yes,,position_employment_type.id ON DELETE RESTRICT,no,no,,No implicit business derivation. Follow the canonical importer or table-specific manual SQL template.,unknown parent ID → FOREIGN KEY constraint failed
G02,recruitment_catalog,position,function_id,INTEGER,no,no,no,yes,,function.id ON DELETE RESTRICT,no,no,,No implicit business derivation. Follow the canonical importer or table-specific manual SQL template.,unknown parent ID → FOREIGN KEY constraint failed
G02,recruitment_catalog,position,seniority_id,INTEGER,no,no,no,yes,,seniority.id ON DELETE RESTRICT,no,no,,No implicit business derivation. Follow the canonical importer or table-specific manual SQL template.,unknown parent ID → FOREIGN KEY constraint failed
G02,recruitment_catalog,position,location_id,INTEGER,no,no,no,yes,,location.id ON DELETE RESTRICT,no,no,,No implicit business derivation. Follow the canonical importer or table-specific manual SQL template.,unknown parent ID → FOREIGN KEY constraint failed
G02,recruitment_catalog,position,work_duration,TEXT,no,no,no,yes,,,no,no,,No implicit business derivation. Follow the canonical importer or table-specific manual SQL template.,invalid values may still be rejected by the canonical importer
G02,recruitment_catalog,position,position_status,TEXT,no,yes,no,no,draft,,no,yes,conditional_importer_default,Importer writes active only when trimmed JD has at least 10 characters; otherwise draft; database triggers reject active with an invalid JD.,invalid value/combination → CHECK or trigger rejection
G02,recruitment_catalog,position,openings_count,INTEGER,no,no,no,yes,,,no,yes,,No implicit business derivation. Follow the canonical importer or table-specific manual SQL template.,invalid value/combination → CHECK or trigger rejection
G02,recruitment_catalog,position,posted_date,TEXT,no,no,no,yes,,,no,no,,No implicit business derivation. Follow the canonical importer or table-specific manual SQL template.,invalid values may still be rejected by the canonical importer
G02,recruitment_catalog,position,offers_relocation_assistance,INTEGER,no,no,no,yes,,,no,yes,,No implicit business derivation. Follow the canonical importer or table-specific manual SQL template.,invalid value/combination → CHECK or trigger rejection
G02,recruitment_catalog,position,local_candidates_only,INTEGER,no,no,no,yes,,,no,yes,,No implicit business derivation. Follow the canonical importer or table-specific manual SQL template.,invalid value/combination → CHECK or trigger rejection
G02,recruitment_catalog,position,created_at,TEXT,no,yes,yes,no,,,no,no,,Canonical importer writes an RFC 3339 UTC timestamp when the business event occurs; do not invent a placeholder time.,omit → NOT NULL constraint failed: position.created_at
G02,recruitment_catalog,position,updated_at,TEXT,no,yes,yes,no,,,no,no,,Canonical importer writes an RFC 3339 UTC timestamp when the business event occurs; do not invent a placeholder time.,omit → NOT NULL constraint failed: position.updated_at
G02,recruitment_catalog,position_certification_requirement,id,INTEGER,yes,no,no,no,,,no,no,,Omit on INSERT to let SQLite/D1 allocate the row ID; never guess or reuse an ID.,invalid values may still be rejected by the canonical importer
G02,recruitment_catalog,position_certification_requirement,position_id,INTEGER,no,yes,yes,no,,position.id ON DELETE CASCADE,yes,no,,No implicit business derivation. Follow the canonical importer or table-specific manual SQL template.,omit → NOT NULL constraint failed: position_certification_requirement.position_id; unknown parent ID → FOREIGN KEY constraint failed; duplicate protected value → UNIQUE constraint failed
G02,recruitment_catalog,position_certification_requirement,certification_id,INTEGER,no,yes,yes,no,,certification.id ON DELETE RESTRICT,yes,no,,No implicit business derivation. Follow the canonical importer or table-specific manual SQL template.,omit → NOT NULL constraint failed: position_certification_requirement.certification_id; unknown parent ID → FOREIGN KEY constraint failed; duplicate protected value → UNIQUE constraint failed
G02,recruitment_catalog,position_certification_requirement,requirement_type,TEXT,no,yes,yes,no,,,no,yes,,No implicit business derivation. Follow the canonical importer or table-specific manual SQL template.,omit → NOT NULL constraint failed: position_certification_requirement.requirement_type; invalid value/combination → CHECK or trigger rejection
G02,recruitment_catalog,position_certification_requirement,is_active,INTEGER,no,yes,no,no,1,,no,yes,default_active,New position requirements are active unless the writer explicitly supplies 0.,invalid value/combination → CHECK or trigger rejection
G02,recruitment_catalog,position_certification_requirement,created_at,TEXT,no,yes,yes,no,,,no,no,,Canonical importer writes an RFC 3339 UTC timestamp when the business event occurs; do not invent a placeholder time.,omit → NOT NULL constraint failed: position_certification_requirement.created_at
G02,recruitment_catalog,position_certification_requirement,updated_at,TEXT,no,yes,yes,no,,,no,no,,Canonical importer writes an RFC 3339 UTC timestamp when the business event occurs; do not invent a placeholder time.,omit → NOT NULL constraint failed: position_certification_requirement.updated_at
G02,recruitment_catalog,position_education_requirement,id,INTEGER,yes,no,no,no,,,no,no,,Omit on INSERT to let SQLite/D1 allocate the row ID; never guess or reuse an ID.,invalid values may still be rejected by the canonical importer
G02,recruitment_catalog,position_education_requirement,position_id,INTEGER,no,yes,yes,no,,position.id ON DELETE CASCADE,yes,no,,No implicit business derivation. Follow the canonical importer or table-specific manual SQL template.,omit → NOT NULL constraint failed: position_education_requirement.position_id; unknown parent ID → FOREIGN KEY constraint failed; duplicate protected value → UNIQUE constraint failed
G02,recruitment_catalog,position_education_requirement,degree_id,INTEGER,no,yes,yes,no,,degree.id ON DELETE RESTRICT,yes,no,,No implicit business derivation. Follow the canonical importer or table-specific manual SQL template.,omit → NOT NULL constraint failed: position_education_requirement.degree_id; unknown parent ID → FOREIGN KEY constraint failed; duplicate protected value → UNIQUE constraint failed
G02,recruitment_catalog,position_education_requirement,field_study_id,INTEGER,no,no,no,yes,,field_study.id ON DELETE RESTRICT,no,no,,No implicit business derivation. Follow the canonical importer or table-specific manual SQL template.,unknown parent ID → FOREIGN KEY constraint failed
G02,recruitment_catalog,position_education_requirement,requirement_type,TEXT,no,yes,yes,no,,,no,yes,,No implicit business derivation. Follow the canonical importer or table-specific manual SQL template.,omit → NOT NULL constraint failed: position_education_requirement.requirement_type; invalid value/combination → CHECK or trigger rejection
G02,recruitment_catalog,position_education_requirement,is_active,INTEGER,no,yes,no,no,1,,no,yes,default_active,New position requirements are active unless the writer explicitly supplies 0.,invalid value/combination → CHECK or trigger rejection
G02,recruitment_catalog,position_education_requirement,created_at,TEXT,no,yes,yes,no,,,no,no,,Canonical importer writes an RFC 3339 UTC timestamp when the business event occurs; do not invent a placeholder time.,omit → NOT NULL constraint failed: position_education_requirement.created_at
G02,recruitment_catalog,position_education_requirement,updated_at,TEXT,no,yes,yes,no,,,no,no,,Canonical importer writes an RFC 3339 UTC timestamp when the business event occurs; do not invent a placeholder time.,omit → NOT NULL constraint failed: position_education_requirement.updated_at
G02,recruitment_catalog,position_salary_range,id,INTEGER,yes,no,no,no,,,no,no,,Omit on INSERT to let SQLite/D1 allocate the row ID; never guess or reuse an ID.,invalid values may still be rejected by the canonical importer
G02,recruitment_catalog,position_salary_range,position_id,INTEGER,no,yes,yes,no,,position.id ON DELETE CASCADE,yes,no,,No implicit business derivation. Follow the canonical importer or table-specific manual SQL template.,omit → NOT NULL constraint failed: position_salary_range.position_id; unknown parent ID → FOREIGN KEY constraint failed; duplicate protected value → UNIQUE constraint failed
G02,recruitment_catalog,position_salary_range,salary_min_cents,INTEGER,no,no,no,yes,,,no,yes,,No implicit business derivation. Follow the canonical importer or table-specific manual SQL template.,invalid value/combination → CHECK or trigger rejection
G02,recruitment_catalog,position_salary_range,salary_max_cents,INTEGER,no,no,no,yes,,,no,yes,,No implicit business derivation. Follow the canonical importer or table-specific manual SQL template.,invalid value/combination → CHECK or trigger rejection
G02,recruitment_catalog,position_salary_range,currency_code,TEXT,no,yes,yes,no,,,yes,no,,No implicit business derivation. Follow the canonical importer or table-specific manual SQL template.,omit → NOT NULL constraint failed: position_salary_range.currency_code; duplicate protected value → UNIQUE constraint failed
G02,recruitment_catalog,position_salary_range,salary_period,TEXT,no,yes,yes,no,,,yes,yes,,No implicit business derivation. Follow the canonical importer or table-specific manual SQL template.,omit → NOT NULL constraint failed: position_salary_range.salary_period; duplicate protected value → UNIQUE constraint failed; invalid value/combination → CHECK or trigger rejection
G02,recruitment_catalog,position_salary_range,is_active,INTEGER,no,yes,no,no,1,,no,yes,default_active,New position salary ranges are active unless the writer explicitly supplies 0.,invalid value/combination → CHECK or trigger rejection
G02,recruitment_catalog,position_salary_range,created_at,TEXT,no,yes,yes,no,,,no,no,,Canonical importer writes an RFC 3339 UTC timestamp when the business event occurs; do not invent a placeholder time.,omit → NOT NULL constraint failed: position_salary_range.created_at
G02,recruitment_catalog,position_salary_range,updated_at,TEXT,no,yes,yes,no,,,no,no,,Canonical importer writes an RFC 3339 UTC timestamp when the business event occurs; do not invent a placeholder time.,omit → NOT NULL constraint failed: position_salary_range.updated_at
G02,recruitment_catalog,position_skill,id,INTEGER,yes,no,no,no,,,no,no,,Omit on INSERT to let SQLite/D1 allocate the row ID; never guess or reuse an ID.,invalid values may still be rejected by the canonical importer
G02,recruitment_catalog,position_skill,position_id,INTEGER,no,yes,yes,no,,position.id ON DELETE CASCADE,yes,no,,No implicit business derivation. Follow the canonical importer or table-specific manual SQL template.,omit → NOT NULL constraint failed: position_skill.position_id; unknown parent ID → FOREIGN KEY constraint failed; duplicate protected value → UNIQUE constraint failed
G02,recruitment_catalog,position_skill,skill_id,INTEGER,no,yes,yes,no,,skill.id ON DELETE RESTRICT,yes,no,,No implicit business derivation. Follow the canonical importer or table-specific manual SQL template.,omit → NOT NULL constraint failed: position_skill.skill_id; unknown parent ID → FOREIGN KEY constraint failed; duplicate protected value → UNIQUE constraint failed
G02,recruitment_catalog,position_skill,requirement_type,TEXT,no,yes,yes,no,,,no,yes,,No implicit business derivation. Follow the canonical importer or table-specific manual SQL template.,omit → NOT NULL constraint failed: position_skill.requirement_type; invalid value/combination → CHECK or trigger rejection
G02,recruitment_catalog,position_skill,minimum_proficiency_level_id,INTEGER,no,no,no,yes,,skill_proficiency_level.id ON DELETE RESTRICT,no,no,,No implicit business derivation. Follow the canonical importer or table-specific manual SQL template.,unknown parent ID → FOREIGN KEY constraint failed
G02,recruitment_catalog,position_skill,onet_importance_score,REAL,no,no,no,yes,,,no,no,,No implicit business derivation. Follow the canonical importer or table-specific manual SQL template.,invalid values may still be rejected by the canonical importer
G02,recruitment_catalog,position_skill,onet_dependence_score,REAL,no,no,no,yes,,,no,no,,No implicit business derivation. Follow the canonical importer or table-specific manual SQL template.,invalid values may still be rejected by the canonical importer
G02,recruitment_catalog,position_skill,onet_preparation_score,REAL,no,no,no,yes,,,no,no,,No implicit business derivation. Follow the canonical importer or table-specific manual SQL template.,invalid values may still be rejected by the canonical importer
G02,recruitment_catalog,position_skill,is_active,INTEGER,no,yes,no,no,1,,no,yes,default_active,New position skill requirements are active unless the writer explicitly supplies 0.,invalid value/combination → CHECK or trigger rejection
G02,recruitment_catalog,position_skill,created_at,TEXT,no,yes,yes,no,,,no,no,,Canonical importer writes an RFC 3339 UTC timestamp when the business event occurs; do not invent a placeholder time.,omit → NOT NULL constraint failed: position_skill.created_at
G02,recruitment_catalog,position_skill,updated_at,TEXT,no,yes,yes,no,,,no,no,,Canonical importer writes an RFC 3339 UTC timestamp when the business event occurs; do not invent a placeholder time.,omit → NOT NULL constraint failed: position_skill.updated_at
G03,submission_ingress,raw_submission,id,INTEGER,yes,no,no,no,,,no,no,,Omit on INSERT to let SQLite/D1 allocate the row ID; never guess or reuse an ID.,invalid values may still be rejected by the canonical importer
G03,submission_ingress,raw_submission,raw_submission_intake_run_id,INTEGER,no,yes,yes,no,,raw_submission_intake_run.id ON DELETE RESTRICT | raw_submission_intake_run.id ON DELETE RESTRICT,yes,no,,No implicit business derivation. Follow the canonical importer or table-specific manual SQL template.,omit → NOT NULL constraint failed: raw_submission.raw_submission_intake_run_id; unknown parent ID → FOREIGN KEY constraint failed; duplicate protected value → UNIQUE constraint failed
G03,submission_ingress,raw_submission,submission_uuid,TEXT,no,yes,yes,no,,raw_submission_intake_run.submission_uuid ON DELETE RESTRICT,yes,yes,,Canonical importer generates or validates the stable identifier; manual SQL must provide it unless a table-specific template says otherwise.,omit → NOT NULL constraint failed: raw_submission.submission_uuid; unknown parent ID → FOREIGN KEY constraint failed; duplicate protected value → UNIQUE constraint failed; invalid value/combination → CHECK or trigger rejection
G03,submission_ingress,raw_submission,source_system,TEXT,no,yes,yes,no,,raw_submission_intake_run.source_system ON DELETE RESTRICT,no,yes,,No implicit business derivation. Follow the canonical importer or table-specific manual SQL template.,omit → NOT NULL constraint failed: raw_submission.source_system; unknown parent ID → FOREIGN KEY constraint failed; invalid value/combination → CHECK or trigger rejection
G03,submission_ingress,raw_submission,source_record_id,TEXT,no,yes,yes,no,,raw_submission_intake_run.source_record_id ON DELETE RESTRICT,no,yes,,No implicit business derivation. Follow the canonical importer or table-specific manual SQL template.,omit → NOT NULL constraint failed: raw_submission.source_record_id; unknown parent ID → FOREIGN KEY constraint failed; invalid value/combination → CHECK or trigger rejection
G03,submission_ingress,raw_submission,source_event_key,TEXT,no,yes,yes,no,,raw_submission_intake_run.source_event_key ON DELETE RESTRICT,yes,yes,,Canonical importer generates or validates the stable identifier; manual SQL must provide it unless a table-specific template says otherwise.,omit → NOT NULL constraint failed: raw_submission.source_event_key; unknown parent ID → FOREIGN KEY constraint failed; duplicate protected value → UNIQUE constraint failed; invalid value/combination → CHECK or trigger rejection
G03,submission_ingress,raw_submission,source_schema_version,TEXT,no,no,no,yes,,,no,no,,No implicit business derivation. Follow the canonical importer or table-specific manual SQL template.,invalid values may still be rejected by the canonical importer
G03,submission_ingress,raw_submission,submitted_catalog_revision_id,INTEGER,no,no,no,yes,,,no,no,,No implicit business derivation. Follow the canonical importer or table-specific manual SQL template.,invalid values may still be rejected by the canonical importer
G03,submission_ingress,raw_submission,submitted_company_id,INTEGER,no,no,no,yes,,,no,no,,No implicit business derivation. Follow the canonical importer or table-specific manual SQL template.,invalid values may still be rejected by the canonical importer
G03,submission_ingress,raw_submission,submitted_company_name,TEXT,no,no,no,yes,,,no,no,,No implicit business derivation. Follow the canonical importer or table-specific manual SQL template.,invalid values may still be rejected by the canonical importer
G03,submission_ingress,raw_submission,submitted_company_work_mode_id,INTEGER,no,no,no,yes,,,no,no,,No implicit business derivation. Follow the canonical importer or table-specific manual SQL template.,invalid values may still be rejected by the canonical importer
G03,submission_ingress,raw_submission,submitted_company_work_mode_name,TEXT,no,no,no,yes,,,no,no,,No implicit business derivation. Follow the canonical importer or table-specific manual SQL template.,invalid values may still be rejected by the canonical importer
G03,submission_ingress,raw_submission,submitted_position_id,INTEGER,no,no,no,yes,,,no,no,,No implicit business derivation. Follow the canonical importer or table-specific manual SQL template.,invalid values may still be rejected by the canonical importer
G03,submission_ingress,raw_submission,submitted_position_name,TEXT,no,no,no,yes,,,no,no,,No implicit business derivation. Follow the canonical importer or table-specific manual SQL template.,invalid values may still be rejected by the canonical importer
G03,submission_ingress,raw_submission,raw_person_name,TEXT,no,no,no,yes,,,no,no,,No implicit business derivation. Follow the canonical importer or table-specific manual SQL template.,invalid values may still be rejected by the canonical importer
G03,submission_ingress,raw_submission,raw_email_address,TEXT,no,no,no,yes,,,no,no,,No implicit business derivation. Follow the canonical importer or table-specific manual SQL template.,invalid values may still be rejected by the canonical importer
G03,submission_ingress,raw_submission,raw_phone,TEXT,no,no,no,yes,,,no,no,,No implicit business derivation. Follow the canonical importer or table-specific manual SQL template.,invalid values may still be rejected by the canonical importer
G03,submission_ingress,raw_submission,raw_start_working_date,TEXT,no,no,no,yes,,,no,no,,No implicit business derivation. Follow the canonical importer or table-specific manual SQL template.,invalid values may still be rejected by the canonical importer
G03,submission_ingress,raw_submission,raw_end_working_date,TEXT,no,no,no,yes,,,no,no,,No implicit business derivation. Follow the canonical importer or table-specific manual SQL template.,invalid values may still be rejected by the canonical importer
G03,submission_ingress,raw_submission,raw_work_duration,TEXT,no,no,no,yes,,,no,no,,No implicit business derivation. Follow the canonical importer or table-specific manual SQL template.,invalid values may still be rejected by the canonical importer
G03,submission_ingress,raw_submission,payload_hmac,TEXT,no,yes,yes,no,,,no,yes,,No implicit business derivation. Follow the canonical importer or table-specific manual SQL template.,omit → NOT NULL constraint failed: raw_submission.payload_hmac; invalid value/combination → CHECK or trigger rejection
G03,submission_ingress,raw_submission,payload_hmac_key_version,TEXT,no,yes,yes,no,,,no,yes,,No implicit business derivation. Follow the canonical importer or table-specific manual SQL template.,omit → NOT NULL constraint failed: raw_submission.payload_hmac_key_version; invalid value/combination → CHECK or trigger rejection
G03,submission_ingress,raw_submission,source_submitted_at,TEXT,no,no,no,yes,,,no,no,,Canonical importer writes an RFC 3339 UTC timestamp when the business event occurs; do not invent a placeholder time.,invalid values may still be rejected by the canonical importer
G03,submission_ingress,raw_submission,landed_at,TEXT,no,yes,yes,no,,,no,no,,Canonical importer writes an RFC 3339 UTC timestamp when the business event occurs; do not invent a placeholder time.,omit → NOT NULL constraint failed: raw_submission.landed_at
G03,submission_ingress,raw_submission,retention_until,TEXT,no,no,no,yes,,,no,no,,No implicit business derivation. Follow the canonical importer or table-specific manual SQL template.,invalid values may still be rejected by the canonical importer
G03,submission_ingress,raw_submission,purged_at,TEXT,no,no,no,yes,,,no,no,,Canonical importer writes an RFC 3339 UTC timestamp when the business event occurs; do not invent a placeholder time.,invalid values may still be rejected by the canonical importer
G03,submission_ingress,raw_submission,updated_at,TEXT,no,yes,yes,no,,,no,no,,Canonical importer writes an RFC 3339 UTC timestamp when the business event occurs; do not invent a placeholder time.,omit → NOT NULL constraint failed: raw_submission.updated_at
G03,submission_ingress,raw_submission_intake_run,id,INTEGER,yes,no,no,no,,,yes,no,,Omit on INSERT to let SQLite/D1 allocate the row ID; never guess or reuse an ID.,duplicate protected value → UNIQUE constraint failed
G03,submission_ingress,raw_submission_intake_run,intake_run_uuid,TEXT,no,yes,yes,no,,,yes,yes,,Canonical importer generates or validates the stable identifier; manual SQL must provide it unless a table-specific template says otherwise.,omit → NOT NULL constraint failed: raw_submission_intake_run.intake_run_uuid; duplicate protected value → UNIQUE constraint failed; invalid value/combination → CHECK or trigger rejection
G03,submission_ingress,raw_submission_intake_run,submission_uuid,TEXT,no,yes,yes,no,,,yes,yes,,Canonical importer generates or validates the stable identifier; manual SQL must provide it unless a table-specific template says otherwise.,omit → NOT NULL constraint failed: raw_submission_intake_run.submission_uuid; duplicate protected value → UNIQUE constraint failed; invalid value/combination → CHECK or trigger rejection
G03,submission_ingress,raw_submission_intake_run,source_system,TEXT,no,yes,yes,no,,,yes,yes,,No implicit business derivation. Follow the canonical importer or table-specific manual SQL template.,omit → NOT NULL constraint failed: raw_submission_intake_run.source_system; duplicate protected value → UNIQUE constraint failed; invalid value/combination → CHECK or trigger rejection
G03,submission_ingress,raw_submission_intake_run,source_record_id,TEXT,no,yes,yes,no,,,yes,yes,,No implicit business derivation. Follow the canonical importer or table-specific manual SQL template.,omit → NOT NULL constraint failed: raw_submission_intake_run.source_record_id; duplicate protected value → UNIQUE constraint failed; invalid value/combination → CHECK or trigger rejection
G03,submission_ingress,raw_submission_intake_run,source_event_key,TEXT,no,yes,yes,no,,,yes,yes,,Canonical importer generates or validates the stable identifier; manual SQL must provide it unless a table-specific template says otherwise.,omit → NOT NULL constraint failed: raw_submission_intake_run.source_event_key; duplicate protected value → UNIQUE constraint failed; invalid value/combination → CHECK or trigger rejection
G03,submission_ingress,raw_submission_intake_run,source_schema_version,TEXT,no,no,no,yes,,,no,no,,No implicit business derivation. Follow the canonical importer or table-specific manual SQL template.,invalid values may still be rejected by the canonical importer
G03,submission_ingress,raw_submission_intake_run,accepted_payload_hmac,TEXT,no,no,no,yes,,,no,yes,,No implicit business derivation. Follow the canonical importer or table-specific manual SQL template.,invalid value/combination → CHECK or trigger rejection
G03,submission_ingress,raw_submission_intake_run,last_received_payload_hmac,TEXT,no,no,no,yes,,,no,yes,,No implicit business derivation. Follow the canonical importer or table-specific manual SQL template.,invalid value/combination → CHECK or trigger rejection
G03,submission_ingress,raw_submission_intake_run,payload_hmac_key_version,TEXT,no,no,no,yes,,,no,no,,No implicit business derivation. Follow the canonical importer or table-specific manual SQL template.,invalid values may still be rejected by the canonical importer
G03,submission_ingress,raw_submission_intake_run,intake_status,TEXT,no,yes,no,no,received,,no,yes,schema_default,An intake coordinator records receipt before durable Raw persistence.,invalid value/combination → CHECK or trigger rejection
G03,submission_ingress,raw_submission_intake_run,attempt_count,INTEGER,no,yes,no,no,0,,no,yes,,No implicit business derivation. Follow the canonical importer or table-specific manual SQL template.,invalid value/combination → CHECK or trigger rejection
G03,submission_ingress,raw_submission_intake_run,technical_redelivery_count,INTEGER,no,yes,no,no,0,,no,yes,,No implicit business derivation. Follow the canonical importer or table-specific manual SQL template.,invalid value/combination → CHECK or trigger rejection
G03,submission_ingress,raw_submission_intake_run,last_technical_redelivery_mechanism,TEXT,no,no,no,yes,,,no,no,,No implicit business derivation. Follow the canonical importer or table-specific manual SQL template.,invalid values may still be rejected by the canonical importer
G03,submission_ingress,raw_submission_intake_run,last_technical_redelivery_cause_code,TEXT,no,no,no,yes,,,no,no,,No implicit business derivation. Follow the canonical importer or table-specific manual SQL template.,invalid values may still be rejected by the canonical importer
G03,submission_ingress,raw_submission_intake_run,last_technical_redelivery_at,TEXT,no,no,no,yes,,,no,no,,Canonical importer writes an RFC 3339 UTC timestamp when the business event occurs; do not invent a placeholder time.,invalid values may still be rejected by the canonical importer
G03,submission_ingress,raw_submission_intake_run,payload_conflict_count,INTEGER,no,yes,no,no,0,,no,yes,,No implicit business derivation. Follow the canonical importer or table-specific manual SQL template.,invalid value/combination → CHECK or trigger rejection
G03,submission_ingress,raw_submission_intake_run,last_error_code,TEXT,no,no,no,yes,,,no,no,,No implicit business derivation. Follow the canonical importer or table-specific manual SQL template.,invalid values may still be rejected by the canonical importer
G03,submission_ingress,raw_submission_intake_run,last_error_detail,TEXT,no,no,no,yes,,,no,no,,No implicit business derivation. Follow the canonical importer or table-specific manual SQL template.,invalid values may still be rejected by the canonical importer
G03,submission_ingress,raw_submission_intake_run,first_received_at,TEXT,no,yes,yes,no,,,no,no,,Canonical importer writes an RFC 3339 UTC timestamp when the business event occurs; do not invent a placeholder time.,omit → NOT NULL constraint failed: raw_submission_intake_run.first_received_at
G03,submission_ingress,raw_submission_intake_run,last_received_at,TEXT,no,yes,yes,no,,,no,no,,Canonical importer writes an RFC 3339 UTC timestamp when the business event occurs; do not invent a placeholder time.,omit → NOT NULL constraint failed: raw_submission_intake_run.last_received_at
G03,submission_ingress,raw_submission_intake_run,last_attempt_started_at,TEXT,no,no,no,yes,,,no,no,,Canonical importer writes an RFC 3339 UTC timestamp when the business event occurs; do not invent a placeholder time.,invalid values may still be rejected by the canonical importer
G03,submission_ingress,raw_submission_intake_run,completed_at,TEXT,no,no,no,yes,,,no,no,,Canonical importer writes an RFC 3339 UTC timestamp when the business event occurs; do not invent a placeholder time.,invalid values may still be rejected by the canonical importer
G03,submission_ingress,raw_submission_intake_run,created_at,TEXT,no,yes,yes,no,,,no,no,,Canonical importer writes an RFC 3339 UTC timestamp when the business event occurs; do not invent a placeholder time.,omit → NOT NULL constraint failed: raw_submission_intake_run.created_at
G03,submission_ingress,raw_submission_intake_run,updated_at,TEXT,no,yes,yes,no,,,no,no,,Canonical importer writes an RFC 3339 UTC timestamp when the business event occurs; do not invent a placeholder time.,omit → NOT NULL constraint failed: raw_submission_intake_run.updated_at
G03,submission_ingress,raw_submission_intake_run,configuration_release_id,INTEGER,no,no,no,yes,,system_configuration_release.id ON DELETE RESTRICT,no,no,,No implicit business derivation. Follow the canonical importer or table-specific manual SQL template.,unknown parent ID → FOREIGN KEY constraint failed
G03,submission_ingress,raw_submission_intake_run,accepted_resume_file_sha256,TEXT,no,no,no,yes,,,no,yes,,No implicit business derivation. Follow the canonical importer or table-specific manual SQL template.,invalid value/combination → CHECK or trigger rejection
G03,submission_ingress,raw_submission_intake_run,recovery_fence_token,TEXT,no,no,no,yes,,,no,yes,,No implicit business derivation. Follow the canonical importer or table-specific manual SQL template.,invalid value/combination → CHECK or trigger rejection
G03,submission_ingress,raw_submission_resume,id,INTEGER,yes,no,no,no,,,no,no,,Omit on INSERT to let SQLite/D1 allocate the row ID; never guess or reuse an ID.,invalid values may still be rejected by the canonical importer
G03,submission_ingress,raw_submission_resume,raw_submission_id,INTEGER,no,yes,yes,no,,raw_submission.id ON DELETE CASCADE,yes,no,,No implicit business derivation. Follow the canonical importer or table-specific manual SQL template.,omit → NOT NULL constraint failed: raw_submission_resume.raw_submission_id; unknown parent ID → FOREIGN KEY constraint failed; duplicate protected value → UNIQUE constraint failed
G03,submission_ingress,raw_submission_resume,resume_text,TEXT,no,no,no,yes,,,no,yes,,No implicit business derivation. Follow the canonical importer or table-specific manual SQL template.,invalid value/combination → CHECK or trigger rejection
G03,submission_ingress,raw_submission_resume,resume_text_status,TEXT,no,yes,yes,no,,,no,yes,explicit_required,The resolver must explicitly distinguish available failed no_resume and other terminal outcomes.,omit → NOT NULL constraint failed: raw_submission_resume.resume_text_status; invalid value/combination → CHECK or trigger rejection
G03,submission_ingress,raw_submission_resume,resume_text_origin,TEXT,no,no,no,yes,,,no,yes,,No implicit business derivation. Follow the canonical importer or table-specific manual SQL template.,invalid value/combination → CHECK or trigger rejection
G03,submission_ingress,raw_submission_resume,resume_parser_version,TEXT,no,no,no,yes,,,no,yes,,No implicit business derivation. Follow the canonical importer or table-specific manual SQL template.,invalid value/combination → CHECK or trigger rejection
G03,submission_ingress,raw_submission_resume,resume_text_sha256,TEXT,no,no,no,yes,,,no,yes,,No implicit business derivation. Follow the canonical importer or table-specific manual SQL template.,invalid value/combination → CHECK or trigger rejection
G03,submission_ingress,raw_submission_resume,resume_parsed_at,TEXT,no,no,no,yes,,,no,no,,Canonical importer writes an RFC 3339 UTC timestamp when the business event occurs; do not invent a placeholder time.,invalid values may still be rejected by the canonical importer
G03,submission_ingress,raw_submission_resume,resume_original_file_name,TEXT,no,no,no,yes,,,no,no,,No implicit business derivation. Follow the canonical importer or table-specific manual SQL template.,invalid values may still be rejected by the canonical importer
G03,submission_ingress,raw_submission_resume,resume_source_url,TEXT,no,no,no,yes,,,no,no,,No implicit business derivation. Follow the canonical importer or table-specific manual SQL template.,invalid values may still be rejected by the canonical importer
G03,submission_ingress,raw_submission_resume,resume_source_file_id,TEXT,no,no,no,yes,,,no,no,,No implicit business derivation. Follow the canonical importer or table-specific manual SQL template.,invalid values may still be rejected by the canonical importer
G03,submission_ingress,raw_submission_resume,resume_mime_type,TEXT,no,no,no,yes,,,no,no,,No implicit business derivation. Follow the canonical importer or table-specific manual SQL template.,invalid values may still be rejected by the canonical importer
G03,submission_ingress,raw_submission_resume,resume_file_size_bytes,INTEGER,no,no,no,yes,,,no,yes,,No implicit business derivation. Follow the canonical importer or table-specific manual SQL template.,invalid value/combination → CHECK or trigger rejection
G03,submission_ingress,raw_submission_resume,resume_r2_object_key,TEXT,no,no,no,yes,,,yes,no,,Canonical importer generates or validates the stable identifier; manual SQL must provide it unless a table-specific template says otherwise.,duplicate protected value → UNIQUE constraint failed
G03,submission_ingress,raw_submission_resume,created_at,TEXT,no,yes,yes,no,,,no,no,,Canonical importer writes an RFC 3339 UTC timestamp when the business event occurs; do not invent a placeholder time.,omit → NOT NULL constraint failed: raw_submission_resume.created_at
G03,submission_ingress,raw_submission_resume,updated_at,TEXT,no,yes,yes,no,,,no,no,,Canonical importer writes an RFC 3339 UTC timestamp when the business event occurs; do not invent a placeholder time.,omit → NOT NULL constraint failed: raw_submission_resume.updated_at
G03,submission_ingress,raw_submission_resume,resume_file_sha256,TEXT,no,no,no,yes,,,no,yes,,No implicit business derivation. Follow the canonical importer or table-specific manual SQL template.,invalid value/combination → CHECK or trigger rejection
G04,workflow_control,audit_event,id,INTEGER,yes,no,no,no,,,no,no,,Omit on INSERT to let SQLite/D1 allocate the row ID; never guess or reuse an ID.,invalid values may still be rejected by the canonical importer
G04,workflow_control,audit_event,event_uuid,TEXT,no,yes,yes,no,,,yes,yes,,Canonical importer generates or validates the stable identifier; manual SQL must provide it unless a table-specific template says otherwise.,omit → NOT NULL constraint failed: audit_event.event_uuid; duplicate protected value → UNIQUE constraint failed; invalid value/combination → CHECK or trigger rejection
G04,workflow_control,audit_event,event_type,TEXT,no,yes,yes,no,,,yes,yes,,No implicit business derivation. Follow the canonical importer or table-specific manual SQL template.,omit → NOT NULL constraint failed: audit_event.event_type; duplicate protected value → UNIQUE constraint failed; invalid value/combination → CHECK or trigger rejection
G04,workflow_control,audit_event,entity_type,TEXT,no,yes,yes,no,,,no,yes,,No implicit business derivation. Follow the canonical importer or table-specific manual SQL template.,omit → NOT NULL constraint failed: audit_event.entity_type; invalid value/combination → CHECK or trigger rejection
G04,workflow_control,audit_event,entity_id,INTEGER,no,yes,yes,no,,,no,no,,No implicit business derivation. Follow the canonical importer or table-specific manual SQL template.,omit → NOT NULL constraint failed: audit_event.entity_id
G04,workflow_control,audit_event,actor_type,TEXT,no,yes,yes,no,,,no,yes,,No implicit business derivation. Follow the canonical importer or table-specific manual SQL template.,omit → NOT NULL constraint failed: audit_event.actor_type; invalid value/combination → CHECK or trigger rejection
G04,workflow_control,audit_event,actor_id,TEXT,no,no,no,yes,,,no,no,,No implicit business derivation. Follow the canonical importer or table-specific manual SQL template.,invalid values may still be rejected by the canonical importer
G04,workflow_control,audit_event,workflow_run_id,INTEGER,no,no,no,yes,,etl_workflow_run.id ON DELETE SET NULL,no,no,,No implicit business derivation. Follow the canonical importer or table-specific manual SQL template.,unknown parent ID → FOREIGN KEY constraint failed
G04,workflow_control,audit_event,correlation_key,TEXT,no,no,no,yes,,,yes,no,,Canonical importer generates or validates the stable identifier; manual SQL must provide it unless a table-specific template says otherwise.,duplicate protected value → UNIQUE constraint failed
G04,workflow_control,audit_event,reason_code,TEXT,no,no,no,yes,,,no,no,,No implicit business derivation. Follow the canonical importer or table-specific manual SQL template.,invalid values may still be rejected by the canonical importer
G04,workflow_control,audit_event,event_summary,TEXT,no,yes,yes,no,,,no,yes,,No implicit business derivation. Follow the canonical importer or table-specific manual SQL template.,omit → NOT NULL constraint failed: audit_event.event_summary; invalid value/combination → CHECK or trigger rejection
G04,workflow_control,audit_event,event_metadata_json,TEXT,no,no,no,yes,,,no,yes,,No implicit business derivation. Follow the canonical importer or table-specific manual SQL template.,invalid value/combination → CHECK or trigger rejection
G04,workflow_control,audit_event,occurred_at,TEXT,no,yes,yes,no,,,no,no,,Canonical importer writes an RFC 3339 UTC timestamp when the business event occurs; do not invent a placeholder time.,omit → NOT NULL constraint failed: audit_event.occurred_at
G04,workflow_control,audit_event,recorded_at,TEXT,no,yes,yes,no,,,no,no,,Canonical importer writes an RFC 3339 UTC timestamp when the business event occurs; do not invent a placeholder time.,omit → NOT NULL constraint failed: audit_event.recorded_at
G04,workflow_control,etl_step_attempt,id,INTEGER,yes,no,no,no,,,no,no,,Omit on INSERT to let SQLite/D1 allocate the row ID; never guess or reuse an ID.,invalid values may still be rejected by the canonical importer
G04,workflow_control,etl_step_attempt,step_run_id,INTEGER,no,yes,yes,no,,etl_step_run.id ON DELETE CASCADE,yes,no,,No implicit business derivation. Follow the canonical importer or table-specific manual SQL template.,omit → NOT NULL constraint failed: etl_step_attempt.step_run_id; unknown parent ID → FOREIGN KEY constraint failed; duplicate protected value → UNIQUE constraint failed
G04,workflow_control,etl_step_attempt,attempt_uuid,TEXT,no,yes,yes,no,,,yes,yes,,Canonical importer generates or validates the stable identifier; manual SQL must provide it unless a table-specific template says otherwise.,omit → NOT NULL constraint failed: etl_step_attempt.attempt_uuid; duplicate protected value → UNIQUE constraint failed; invalid value/combination → CHECK or trigger rejection
G04,workflow_control,etl_step_attempt,attempt_number,INTEGER,no,yes,yes,no,,,yes,yes,,No implicit business derivation. Follow the canonical importer or table-specific manual SQL template.,omit → NOT NULL constraint failed: etl_step_attempt.attempt_number; duplicate protected value → UNIQUE constraint failed; invalid value/combination → CHECK or trigger rejection
G04,workflow_control,etl_step_attempt,attempt_kind,TEXT,no,yes,no,no,execute,,no,yes,,No implicit business derivation. Follow the canonical importer or table-specific manual SQL template.,invalid value/combination → CHECK or trigger rejection
G04,workflow_control,etl_step_attempt,worker_execution_id,TEXT,no,no,no,yes,,,no,no,,No implicit business derivation. Follow the canonical importer or table-specific manual SQL template.,invalid values may still be rejected by the canonical importer
G04,workflow_control,etl_step_attempt,attempt_status,TEXT,no,yes,no,no,running,,no,yes,schema_default,An attempt row is created only when an execution attempt starts.,invalid value/combination → CHECK or trigger rejection
G04,workflow_control,etl_step_attempt,error_class,TEXT,no,no,no,yes,,,no,yes,,No implicit business derivation. Follow the canonical importer or table-specific manual SQL template.,invalid value/combination → CHECK or trigger rejection
G04,workflow_control,etl_step_attempt,error_code,TEXT,no,no,no,yes,,,no,no,,No implicit business derivation. Follow the canonical importer or table-specific manual SQL template.,invalid values may still be rejected by the canonical importer
G04,workflow_control,etl_step_attempt,error_detail,TEXT,no,no,no,yes,,,no,no,,No implicit business derivation. Follow the canonical importer or table-specific manual SQL template.,invalid values may still be rejected by the canonical importer
G04,workflow_control,etl_step_attempt,retry_scheduled_at,TEXT,no,no,no,yes,,,no,no,,Canonical importer writes an RFC 3339 UTC timestamp when the business event occurs; do not invent a placeholder time.,invalid values may still be rejected by the canonical importer
G04,workflow_control,etl_step_attempt,started_at,TEXT,no,yes,yes,no,,,no,no,,Canonical importer writes an RFC 3339 UTC timestamp when the business event occurs; do not invent a placeholder time.,omit → NOT NULL constraint failed: etl_step_attempt.started_at
G04,workflow_control,etl_step_attempt,finished_at,TEXT,no,no,no,yes,,,no,yes,,Canonical importer writes an RFC 3339 UTC timestamp when the business event occurs; do not invent a placeholder time.,invalid value/combination → CHECK or trigger rejection
G04,workflow_control,etl_step_attempt,duration_ms,INTEGER,no,no,no,yes,,,no,yes,,No implicit business derivation. Follow the canonical importer or table-specific manual SQL template.,invalid value/combination → CHECK or trigger rejection
G04,workflow_control,etl_step_attempt,created_at,TEXT,no,yes,yes,no,,,no,no,,Canonical importer writes an RFC 3339 UTC timestamp when the business event occurs; do not invent a placeholder time.,omit → NOT NULL constraint failed: etl_step_attempt.created_at
G04,workflow_control,etl_step_run,id,INTEGER,yes,no,no,no,,,no,no,,Omit on INSERT to let SQLite/D1 allocate the row ID; never guess or reuse an ID.,invalid values may still be rejected by the canonical importer
G04,workflow_control,etl_step_run,workflow_run_id,INTEGER,no,yes,yes,no,,etl_workflow_run.id ON DELETE CASCADE,yes,no,,No implicit business derivation. Follow the canonical importer or table-specific manual SQL template.,omit → NOT NULL constraint failed: etl_step_run.workflow_run_id; unknown parent ID → FOREIGN KEY constraint failed; duplicate protected value → UNIQUE constraint failed
G04,workflow_control,etl_step_run,step_key,TEXT,no,yes,yes,no,,,yes,yes,,Canonical importer generates or validates the stable identifier; manual SQL must provide it unless a table-specific template says otherwise.,omit → NOT NULL constraint failed: etl_step_run.step_key; duplicate protected value → UNIQUE constraint failed; invalid value/combination → CHECK or trigger rejection
G04,workflow_control,etl_step_run,step_name,TEXT,no,yes,yes,no,,,no,yes,,No implicit business derivation. Follow the canonical importer or table-specific manual SQL template.,omit → NOT NULL constraint failed: etl_step_run.step_name; invalid value/combination → CHECK or trigger rejection
G04,workflow_control,etl_step_run,step_version,TEXT,no,yes,yes,no,,,no,yes,,No implicit business derivation. Follow the canonical importer or table-specific manual SQL template.,omit → NOT NULL constraint failed: etl_step_run.step_version; invalid value/combination → CHECK or trigger rejection
G04,workflow_control,etl_step_run,idempotency_key,TEXT,no,yes,yes,no,,,yes,yes,,Canonical importer generates or validates the stable identifier; manual SQL must provide it unless a table-specific template says otherwise.,omit → NOT NULL constraint failed: etl_step_run.idempotency_key; duplicate protected value → UNIQUE constraint failed; invalid value/combination → CHECK or trigger rejection
G04,workflow_control,etl_step_run,is_required,INTEGER,no,yes,no,no,1,,no,yes,,No implicit business derivation. Follow the canonical importer or table-specific manual SQL template.,invalid value/combination → CHECK or trigger rejection
G04,workflow_control,etl_step_run,step_status,TEXT,no,yes,no,no,pending,,no,yes,schema_default,A logical step is pending before its first attempt.,invalid value/combination → CHECK or trigger rejection
G04,workflow_control,etl_step_run,attempt_count,INTEGER,no,yes,no,no,0,,no,yes,,No implicit business derivation. Follow the canonical importer or table-specific manual SQL template.,invalid value/combination → CHECK or trigger rejection
G04,workflow_control,etl_step_run,max_attempts,INTEGER,no,yes,yes,no,,,no,yes,,No implicit business derivation. Follow the canonical importer or table-specific manual SQL template.,omit → NOT NULL constraint failed: etl_step_run.max_attempts; invalid value/combination → CHECK or trigger rejection
G04,workflow_control,etl_step_run,next_retry_at,TEXT,no,no,no,yes,,,no,no,,Canonical importer writes an RFC 3339 UTC timestamp when the business event occurs; do not invent a placeholder time.,invalid values may still be rejected by the canonical importer
G04,workflow_control,etl_step_run,last_error_code,TEXT,no,no,no,yes,,,no,no,,No implicit business derivation. Follow the canonical importer or table-specific manual SQL template.,invalid values may still be rejected by the canonical importer
G04,workflow_control,etl_step_run,last_error_detail,TEXT,no,no,no,yes,,,no,no,,No implicit business derivation. Follow the canonical importer or table-specific manual SQL template.,invalid values may still be rejected by the canonical importer
G04,workflow_control,etl_step_run,started_at,TEXT,no,no,no,yes,,,no,no,,Canonical importer writes an RFC 3339 UTC timestamp when the business event occurs; do not invent a placeholder time.,invalid values may still be rejected by the canonical importer
G04,workflow_control,etl_step_run,completed_at,TEXT,no,no,no,yes,,,no,no,,Canonical importer writes an RFC 3339 UTC timestamp when the business event occurs; do not invent a placeholder time.,invalid values may still be rejected by the canonical importer
G04,workflow_control,etl_step_run,created_at,TEXT,no,yes,yes,no,,,no,no,,Canonical importer writes an RFC 3339 UTC timestamp when the business event occurs; do not invent a placeholder time.,omit → NOT NULL constraint failed: etl_step_run.created_at
G04,workflow_control,etl_step_run,updated_at,TEXT,no,yes,yes,no,,,no,no,,Canonical importer writes an RFC 3339 UTC timestamp when the business event occurs; do not invent a placeholder time.,omit → NOT NULL constraint failed: etl_step_run.updated_at
G04,workflow_control,etl_workflow_run,id,INTEGER,yes,no,no,no,,,no,no,,Omit on INSERT to let SQLite/D1 allocate the row ID; never guess or reuse an ID.,invalid values may still be rejected by the canonical importer
G04,workflow_control,etl_workflow_run,workflow_run_uuid,TEXT,no,yes,yes,no,,,yes,yes,,Canonical importer generates or validates the stable identifier; manual SQL must provide it unless a table-specific template says otherwise.,omit → NOT NULL constraint failed: etl_workflow_run.workflow_run_uuid; duplicate protected value → UNIQUE constraint failed; invalid value/combination → CHECK or trigger rejection
G04,workflow_control,etl_workflow_run,workflow_type,TEXT,no,yes,yes,no,,,no,yes,,No implicit business derivation. Follow the canonical importer or table-specific manual SQL template.,omit → NOT NULL constraint failed: etl_workflow_run.workflow_type; invalid value/combination → CHECK or trigger rejection
G04,workflow_control,etl_workflow_run,workflow_version,TEXT,no,yes,yes,no,,,no,yes,,No implicit business derivation. Follow the canonical importer or table-specific manual SQL template.,omit → NOT NULL constraint failed: etl_workflow_run.workflow_version; invalid value/combination → CHECK or trigger rejection
G04,workflow_control,etl_workflow_run,idempotency_key,TEXT,no,yes,yes,no,,,yes,yes,,Canonical importer generates or validates the stable identifier; manual SQL must provide it unless a table-specific template says otherwise.,omit → NOT NULL constraint failed: etl_workflow_run.idempotency_key; duplicate protected value → UNIQUE constraint failed; invalid value/combination → CHECK or trigger rejection
G04,workflow_control,etl_workflow_run,cloudflare_instance_id,TEXT,no,no,no,yes,,,yes,no,,No implicit business derivation. Follow the canonical importer or table-specific manual SQL template.,duplicate protected value → UNIQUE constraint failed
G04,workflow_control,etl_workflow_run,parent_workflow_run_id,INTEGER,no,no,no,yes,,etl_workflow_run.id ON DELETE RESTRICT,no,no,,No implicit business derivation. Follow the canonical importer or table-specific manual SQL template.,unknown parent ID → FOREIGN KEY constraint failed
G04,workflow_control,etl_workflow_run,raw_submission_id,INTEGER,no,no,no,yes,,raw_submission.id ON DELETE RESTRICT,no,yes,,No implicit business derivation. Follow the canonical importer or table-specific manual SQL template.,unknown parent ID → FOREIGN KEY constraint failed; invalid value/combination → CHECK or trigger rejection
G04,workflow_control,etl_workflow_run,application_id,INTEGER,no,no,no,yes,,application.id ON DELETE RESTRICT,no,yes,,No implicit business derivation. Follow the canonical importer or table-specific manual SQL template.,unknown parent ID → FOREIGN KEY constraint failed; invalid value/combination → CHECK or trigger rejection
G04,workflow_control,etl_workflow_run,trigger_outbox_event_id,INTEGER,no,yes,yes,no,,outbox_event.id ON DELETE RESTRICT,yes,no,,No implicit business derivation. Follow the canonical importer or table-specific manual SQL template.,omit → NOT NULL constraint failed: etl_workflow_run.trigger_outbox_event_id; unknown parent ID → FOREIGN KEY constraint failed; duplicate protected value → UNIQUE constraint failed
G04,workflow_control,etl_workflow_run,subject_fence_token,TEXT,no,no,no,yes,,,no,yes,,No implicit business derivation. Follow the canonical importer or table-specific manual SQL template.,invalid value/combination → CHECK or trigger rejection
G04,workflow_control,etl_workflow_run,workflow_status,TEXT,no,yes,no,no,requested,,no,yes,schema_default,A workflow ledger row begins as an accepted request.,invalid value/combination → CHECK or trigger rejection
G04,workflow_control,etl_workflow_run,current_step_key,TEXT,no,no,no,yes,,,no,no,,Canonical importer generates or validates the stable identifier; manual SQL must provide it unless a table-specific template says otherwise.,invalid values may still be rejected by the canonical importer
G04,workflow_control,etl_workflow_run,run_attempt_count,INTEGER,no,yes,no,no,0,,no,yes,,No implicit business derivation. Follow the canonical importer or table-specific manual SQL template.,invalid value/combination → CHECK or trigger rejection
G04,workflow_control,etl_workflow_run,last_error_code,TEXT,no,no,no,yes,,,no,no,,No implicit business derivation. Follow the canonical importer or table-specific manual SQL template.,invalid values may still be rejected by the canonical importer
G04,workflow_control,etl_workflow_run,last_error_detail,TEXT,no,no,no,yes,,,no,no,,No implicit business derivation. Follow the canonical importer or table-specific manual SQL template.,invalid values may still be rejected by the canonical importer
G04,workflow_control,etl_workflow_run,cancellation_reason_code,TEXT,no,no,no,yes,,,no,no,,No implicit business derivation. Follow the canonical importer or table-specific manual SQL template.,invalid values may still be rejected by the canonical importer
G04,workflow_control,etl_workflow_run,requested_at,TEXT,no,yes,yes,no,,,no,no,,Canonical importer writes an RFC 3339 UTC timestamp when the business event occurs; do not invent a placeholder time.,omit → NOT NULL constraint failed: etl_workflow_run.requested_at
G04,workflow_control,etl_workflow_run,started_at,TEXT,no,no,no,yes,,,no,no,,Canonical importer writes an RFC 3339 UTC timestamp when the business event occurs; do not invent a placeholder time.,invalid values may still be rejected by the canonical importer
G04,workflow_control,etl_workflow_run,last_progressed_at,TEXT,no,no,no,yes,,,no,no,,Canonical importer writes an RFC 3339 UTC timestamp when the business event occurs; do not invent a placeholder time.,invalid values may still be rejected by the canonical importer
G04,workflow_control,etl_workflow_run,completed_at,TEXT,no,no,no,yes,,,no,no,,Canonical importer writes an RFC 3339 UTC timestamp when the business event occurs; do not invent a placeholder time.,invalid values may still be rejected by the canonical importer
G04,workflow_control,etl_workflow_run,created_at,TEXT,no,yes,yes,no,,,no,no,,Canonical importer writes an RFC 3339 UTC timestamp when the business event occurs; do not invent a placeholder time.,omit → NOT NULL constraint failed: etl_workflow_run.created_at
G04,workflow_control,etl_workflow_run,updated_at,TEXT,no,yes,yes,no,,,no,no,,Canonical importer writes an RFC 3339 UTC timestamp when the business event occurs; do not invent a placeholder time.,omit → NOT NULL constraint failed: etl_workflow_run.updated_at
G04,workflow_control,etl_workflow_run,configuration_release_id,INTEGER,no,no,no,yes,,system_configuration_release.id ON DELETE RESTRICT,no,no,,No implicit business derivation. Follow the canonical importer or table-specific manual SQL template.,unknown parent ID → FOREIGN KEY constraint failed
G04,workflow_control,outbox_event,id,INTEGER,yes,no,no,no,,,no,no,,Omit on INSERT to let SQLite/D1 allocate the row ID; never guess or reuse an ID.,invalid values may still be rejected by the canonical importer
G04,workflow_control,outbox_event,event_uuid,TEXT,no,yes,yes,no,,,yes,yes,,Canonical importer generates or validates the stable identifier; manual SQL must provide it unless a table-specific template says otherwise.,omit → NOT NULL constraint failed: outbox_event.event_uuid; duplicate protected value → UNIQUE constraint failed; invalid value/combination → CHECK or trigger rejection
G04,workflow_control,outbox_event,deduplication_key,TEXT,no,yes,yes,no,,,yes,yes,,Canonical importer generates or validates the stable identifier; manual SQL must provide it unless a table-specific template says otherwise.,omit → NOT NULL constraint failed: outbox_event.deduplication_key; duplicate protected value → UNIQUE constraint failed; invalid value/combination → CHECK or trigger rejection
G04,workflow_control,outbox_event,event_type,TEXT,no,yes,yes,no,,,no,yes,,No implicit business derivation. Follow the canonical importer or table-specific manual SQL template.,omit → NOT NULL constraint failed: outbox_event.event_type; invalid value/combination → CHECK or trigger rejection
G04,workflow_control,outbox_event,event_schema_version,TEXT,no,yes,yes,no,,,no,yes,,No implicit business derivation. Follow the canonical importer or table-specific manual SQL template.,omit → NOT NULL constraint failed: outbox_event.event_schema_version; invalid value/combination → CHECK or trigger rejection
G04,workflow_control,outbox_event,aggregate_type,TEXT,no,yes,yes,no,,,no,yes,,No implicit business derivation. Follow the canonical importer or table-specific manual SQL template.,omit → NOT NULL constraint failed: outbox_event.aggregate_type; invalid value/combination → CHECK or trigger rejection
G04,workflow_control,outbox_event,aggregate_id,INTEGER,no,yes,yes,no,,,no,no,,No implicit business derivation. Follow the canonical importer or table-specific manual SQL template.,omit → NOT NULL constraint failed: outbox_event.aggregate_id
G04,workflow_control,outbox_event,destination_type,TEXT,no,yes,yes,no,,,no,yes,,No implicit business derivation. Follow the canonical importer or table-specific manual SQL template.,omit → NOT NULL constraint failed: outbox_event.destination_type; invalid value/combination → CHECK or trigger rejection
G04,workflow_control,outbox_event,destination_key,TEXT,no,no,no,yes,,,no,no,,Canonical importer generates or validates the stable identifier; manual SQL must provide it unless a table-specific template says otherwise.,invalid values may still be rejected by the canonical importer
G04,workflow_control,outbox_event,producer_workflow_run_id,INTEGER,no,no,no,yes,,etl_workflow_run.id ON DELETE SET NULL,no,no,,No implicit business derivation. Follow the canonical importer or table-specific manual SQL template.,unknown parent ID → FOREIGN KEY constraint failed
G04,workflow_control,outbox_event,producer_step_run_id,INTEGER,no,no,no,yes,,etl_step_run.id ON DELETE SET NULL,no,no,,No implicit business derivation. Follow the canonical importer or table-specific manual SQL template.,unknown parent ID → FOREIGN KEY constraint failed
G04,workflow_control,outbox_event,event_payload_json,TEXT,no,yes,no,no,{},,no,yes,,No implicit business derivation. Follow the canonical importer or table-specific manual SQL template.,invalid value/combination → CHECK or trigger rejection
G04,workflow_control,outbox_event,dispatch_status,TEXT,no,yes,no,no,pending,,no,yes,schema_default,A transactional outbox row is pending until leased by a dispatcher.,invalid value/combination → CHECK or trigger rejection
G04,workflow_control,outbox_event,delivery_attempt_count,INTEGER,no,yes,no,no,0,,no,yes,,No implicit business derivation. Follow the canonical importer or table-specific manual SQL template.,invalid value/combination → CHECK or trigger rejection
G04,workflow_control,outbox_event,max_delivery_attempts,INTEGER,no,yes,yes,no,,,no,yes,,No implicit business derivation. Follow the canonical importer or table-specific manual SQL template.,omit → NOT NULL constraint failed: outbox_event.max_delivery_attempts; invalid value/combination → CHECK or trigger rejection
G04,workflow_control,outbox_event,available_at,TEXT,no,yes,yes,no,,,no,no,,Canonical importer writes an RFC 3339 UTC timestamp when the business event occurs; do not invent a placeholder time.,omit → NOT NULL constraint failed: outbox_event.available_at
G04,workflow_control,outbox_event,next_attempt_at,TEXT,no,no,no,yes,,,no,no,,Canonical importer writes an RFC 3339 UTC timestamp when the business event occurs; do not invent a placeholder time.,invalid values may still be rejected by the canonical importer
G04,workflow_control,outbox_event,lease_owner,TEXT,no,no,no,yes,,,no,yes,,No implicit business derivation. Follow the canonical importer or table-specific manual SQL template.,invalid value/combination → CHECK or trigger rejection
G04,workflow_control,outbox_event,lease_expires_at,TEXT,no,no,no,yes,,,no,yes,,Canonical importer writes an RFC 3339 UTC timestamp when the business event occurs; do not invent a placeholder time.,invalid value/combination → CHECK or trigger rejection
G04,workflow_control,outbox_event,last_error_code,TEXT,no,no,no,yes,,,no,no,,No implicit business derivation. Follow the canonical importer or table-specific manual SQL template.,invalid values may still be rejected by the canonical importer
G04,workflow_control,outbox_event,last_error_detail,TEXT,no,no,no,yes,,,no,no,,No implicit business derivation. Follow the canonical importer or table-specific manual SQL template.,invalid values may still be rejected by the canonical importer
G04,workflow_control,outbox_event,published_at,TEXT,no,no,no,yes,,,no,no,,Canonical importer writes an RFC 3339 UTC timestamp when the business event occurs; do not invent a placeholder time.,invalid values may still be rejected by the canonical importer
G04,workflow_control,outbox_event,created_at,TEXT,no,yes,yes,no,,,no,no,,Canonical importer writes an RFC 3339 UTC timestamp when the business event occurs; do not invent a placeholder time.,omit → NOT NULL constraint failed: outbox_event.created_at
G04,workflow_control,outbox_event,updated_at,TEXT,no,yes,yes,no,,,no,no,,Canonical importer writes an RFC 3339 UTC timestamp when the business event occurs; do not invent a placeholder time.,omit → NOT NULL constraint failed: outbox_event.updated_at
G04,workflow_control,system_configuration,id,INTEGER,yes,no,no,no,,,no,no,,Omit on INSERT to let SQLite/D1 allocate the row ID; never guess or reuse an ID.,invalid values may still be rejected by the canonical importer
G04,workflow_control,system_configuration,configuration_release_id,INTEGER,no,yes,yes,no,,system_configuration_release.id ON DELETE RESTRICT,yes,no,,No implicit business derivation. Follow the canonical importer or table-specific manual SQL template.,omit → NOT NULL constraint failed: system_configuration.configuration_release_id; unknown parent ID → FOREIGN KEY constraint failed; duplicate protected value → UNIQUE constraint failed
G04,workflow_control,system_configuration,configuration_scope,TEXT,no,yes,yes,no,,,yes,no,,No implicit business derivation. Follow the canonical importer or table-specific manual SQL template.,omit → NOT NULL constraint failed: system_configuration.configuration_scope; duplicate protected value → UNIQUE constraint failed
G04,workflow_control,system_configuration,configuration_key,TEXT,no,yes,yes,no,,,yes,no,,Canonical importer generates or validates the stable identifier; manual SQL must provide it unless a table-specific template says otherwise.,omit → NOT NULL constraint failed: system_configuration.configuration_key; duplicate protected value → UNIQUE constraint failed
G04,workflow_control,system_configuration,configuration_value_json,TEXT,no,yes,yes,no,,,no,yes,,No implicit business derivation. Follow the canonical importer or table-specific manual SQL template.,omit → NOT NULL constraint failed: system_configuration.configuration_value_json; invalid value/combination → CHECK or trigger rejection
G04,workflow_control,system_configuration,description,TEXT,no,no,no,yes,,,no,no,,No implicit business derivation. Follow the canonical importer or table-specific manual SQL template.,invalid values may still be rejected by the canonical importer
G04,workflow_control,system_configuration,created_at,TEXT,no,yes,yes,no,,,no,no,,Canonical importer writes an RFC 3339 UTC timestamp when the business event occurs; do not invent a placeholder time.,omit → NOT NULL constraint failed: system_configuration.created_at
G04,workflow_control,system_configuration_release,id,INTEGER,yes,no,no,no,,,no,no,,Omit on INSERT to let SQLite/D1 allocate the row ID; never guess or reuse an ID.,invalid values may still be rejected by the canonical importer
G04,workflow_control,system_configuration_release,configuration_release_key,TEXT,no,yes,yes,no,,,yes,no,,Canonical importer generates or validates the stable identifier; manual SQL must provide it unless a table-specific template says otherwise.,omit → NOT NULL constraint failed: system_configuration_release.configuration_release_key; duplicate protected value → UNIQUE constraint failed
G04,workflow_control,system_configuration_release,release_version,INTEGER,no,yes,yes,no,,,yes,no,,No implicit business derivation. Follow the canonical importer or table-specific manual SQL template.,omit → NOT NULL constraint failed: system_configuration_release.release_version; duplicate protected value → UNIQUE constraint failed
G04,workflow_control,system_configuration_release,release_status,TEXT,no,yes,no,no,draft,,yes,yes,schema_default,Configuration releases require explicit activation and only one may be active.,duplicate protected value → UNIQUE constraint failed; invalid value/combination → CHECK or trigger rejection
G04,workflow_control,system_configuration_release,release_description,TEXT,no,no,no,yes,,,no,no,,No implicit business derivation. Follow the canonical importer or table-specific manual SQL template.,invalid values may still be rejected by the canonical importer
G04,workflow_control,system_configuration_release,activated_at,TEXT,no,no,no,yes,,,no,no,,Canonical importer writes an RFC 3339 UTC timestamp when the business event occurs; do not invent a placeholder time.,invalid values may still be rejected by the canonical importer
G04,workflow_control,system_configuration_release,superseded_at,TEXT,no,no,no,yes,,,no,no,,Canonical importer writes an RFC 3339 UTC timestamp when the business event occurs; do not invent a placeholder time.,invalid values may still be rejected by the canonical importer
G04,workflow_control,system_configuration_release,created_by,TEXT,no,no,no,yes,,,no,no,,No implicit business derivation. Follow the canonical importer or table-specific manual SQL template.,invalid values may still be rejected by the canonical importer
G04,workflow_control,system_configuration_release,activated_by,TEXT,no,no,no,yes,,,no,no,,No implicit business derivation. Follow the canonical importer or table-specific manual SQL template.,invalid values may still be rejected by the canonical importer
G04,workflow_control,system_configuration_release,created_at,TEXT,no,yes,yes,no,,,no,no,,Canonical importer writes an RFC 3339 UTC timestamp when the business event occurs; do not invent a placeholder time.,omit → NOT NULL constraint failed: system_configuration_release.created_at
G04,workflow_control,system_configuration_release,updated_at,TEXT,no,yes,yes,no,,,no,no,,Canonical importer writes an RFC 3339 UTC timestamp when the business event occurs; do not invent a placeholder time.,omit → NOT NULL constraint failed: system_configuration_release.updated_at
G05,submission_processing,normalization_run,id,INTEGER,yes,no,no,no,,,no,no,,Omit on INSERT to let SQLite/D1 allocate the row ID; never guess or reuse an ID.,invalid values may still be rejected by the canonical importer
G05,submission_processing,normalization_run,normalization_run_uuid,TEXT,no,yes,yes,no,,,yes,yes,,Canonical importer generates or validates the stable identifier; manual SQL must provide it unless a table-specific template says otherwise.,omit → NOT NULL constraint failed: normalization_run.normalization_run_uuid; duplicate protected value → UNIQUE constraint failed; invalid value/combination → CHECK or trigger rejection
G05,submission_processing,normalization_run,raw_submission_id,INTEGER,no,yes,yes,no,,raw_submission.id ON DELETE RESTRICT,yes,no,,No implicit business derivation. Follow the canonical importer or table-specific manual SQL template.,omit → NOT NULL constraint failed: normalization_run.raw_submission_id; unknown parent ID → FOREIGN KEY constraint failed; duplicate protected value → UNIQUE constraint failed
G05,submission_processing,normalization_run,workflow_run_id,INTEGER,no,yes,yes,no,,etl_workflow_run.id ON DELETE CASCADE,no,no,,No implicit business derivation. Follow the canonical importer or table-specific manual SQL template.,omit → NOT NULL constraint failed: normalization_run.workflow_run_id; unknown parent ID → FOREIGN KEY constraint failed
G05,submission_processing,normalization_run,step_run_id,INTEGER,no,yes,yes,no,,etl_step_run.id ON DELETE CASCADE,yes,no,,No implicit business derivation. Follow the canonical importer or table-specific manual SQL template.,omit → NOT NULL constraint failed: normalization_run.step_run_id; unknown parent ID → FOREIGN KEY constraint failed; duplicate protected value → UNIQUE constraint failed
G05,submission_processing,normalization_run,normalization_version,TEXT,no,yes,yes,no,,,yes,yes,,No implicit business derivation. Follow the canonical importer or table-specific manual SQL template.,omit → NOT NULL constraint failed: normalization_run.normalization_version; duplicate protected value → UNIQUE constraint failed; invalid value/combination → CHECK or trigger rejection
G05,submission_processing,normalization_run,idempotency_key,TEXT,no,yes,yes,no,,,yes,yes,,Canonical importer generates or validates the stable identifier; manual SQL must provide it unless a table-specific template says otherwise.,omit → NOT NULL constraint failed: normalization_run.idempotency_key; duplicate protected value → UNIQUE constraint failed; invalid value/combination → CHECK or trigger rejection
G05,submission_processing,normalization_run,normalization_status,TEXT,no,yes,no,no,running,,no,yes,schema_default,A normalization run row is created when normalization starts.,invalid value/combination → CHECK or trigger rejection
G05,submission_processing,normalization_run,warning_count,INTEGER,no,yes,no,no,0,,no,yes,,No implicit business derivation. Follow the canonical importer or table-specific manual SQL template.,invalid value/combination → CHECK or trigger rejection
G05,submission_processing,normalization_run,warnings_json,TEXT,no,no,no,yes,,,no,yes,,No implicit business derivation. Follow the canonical importer or table-specific manual SQL template.,invalid value/combination → CHECK or trigger rejection
G05,submission_processing,normalization_run,last_error_code,TEXT,no,no,no,yes,,,no,no,,No implicit business derivation. Follow the canonical importer or table-specific manual SQL template.,invalid values may still be rejected by the canonical importer
G05,submission_processing,normalization_run,last_error_detail,TEXT,no,no,no,yes,,,no,no,,No implicit business derivation. Follow the canonical importer or table-specific manual SQL template.,invalid values may still be rejected by the canonical importer
G05,submission_processing,normalization_run,started_at,TEXT,no,yes,yes,no,,,no,no,,Canonical importer writes an RFC 3339 UTC timestamp when the business event occurs; do not invent a placeholder time.,omit → NOT NULL constraint failed: normalization_run.started_at
G05,submission_processing,normalization_run,completed_at,TEXT,no,no,no,yes,,,no,yes,,Canonical importer writes an RFC 3339 UTC timestamp when the business event occurs; do not invent a placeholder time.,invalid value/combination → CHECK or trigger rejection
G05,submission_processing,normalization_run,created_at,TEXT,no,yes,yes,no,,,no,no,,Canonical importer writes an RFC 3339 UTC timestamp when the business event occurs; do not invent a placeholder time.,omit → NOT NULL constraint failed: normalization_run.created_at
G05,submission_processing,normalization_run,updated_at,TEXT,no,yes,yes,no,,,no,no,,Canonical importer writes an RFC 3339 UTC timestamp when the business event occurs; do not invent a placeholder time.,omit → NOT NULL constraint failed: normalization_run.updated_at
G05,submission_processing,resume_education,id,INTEGER,yes,no,no,no,,,no,no,,Omit on INSERT to let SQLite/D1 allocate the row ID; never guess or reuse an ID.,invalid values may still be rejected by the canonical importer
G05,submission_processing,resume_education,resume_extraction_id,INTEGER,no,yes,yes,no,,resume_extraction.id ON DELETE CASCADE,yes,no,,No implicit business derivation. Follow the canonical importer or table-specific manual SQL template.,omit → NOT NULL constraint failed: resume_education.resume_extraction_id; unknown parent ID → FOREIGN KEY constraint failed; duplicate protected value → UNIQUE constraint failed
G05,submission_processing,resume_education,source_entry_order,INTEGER,no,yes,yes,no,,,yes,yes,,No implicit business derivation. Follow the canonical importer or table-specific manual SQL template.,omit → NOT NULL constraint failed: resume_education.source_entry_order; duplicate protected value → UNIQUE constraint failed; invalid value/combination → CHECK or trigger rejection
G05,submission_processing,resume_education,raw_education_text,TEXT,no,no,no,yes,,,no,yes,,No implicit business derivation. Follow the canonical importer or table-specific manual SQL template.,invalid value/combination → CHECK or trigger rejection
G05,submission_processing,resume_education,raw_school_name,TEXT,no,no,no,yes,,,no,yes,,No implicit business derivation. Follow the canonical importer or table-specific manual SQL template.,invalid value/combination → CHECK or trigger rejection
G05,submission_processing,resume_education,normalized_school_name,TEXT,no,no,no,yes,,,no,no,,Canonical importer must normalize the source value before INSERT; manual SQL must provide the reviewed normalized value.,invalid values may still be rejected by the canonical importer
G05,submission_processing,resume_education,school_id,INTEGER,no,no,no,yes,,school.id ON DELETE RESTRICT,no,no,,No implicit business derivation. Follow the canonical importer or table-specific manual SQL template.,unknown parent ID → FOREIGN KEY constraint failed
G05,submission_processing,resume_education,raw_degree_name,TEXT,no,no,no,yes,,,no,yes,,No implicit business derivation. Follow the canonical importer or table-specific manual SQL template.,invalid value/combination → CHECK or trigger rejection
G05,submission_processing,resume_education,normalized_degree_name,TEXT,no,no,no,yes,,,no,no,,Canonical importer must normalize the source value before INSERT; manual SQL must provide the reviewed normalized value.,invalid values may still be rejected by the canonical importer
G05,submission_processing,resume_education,degree_id,INTEGER,no,no,no,yes,,degree.id ON DELETE RESTRICT,no,yes,,No implicit business derivation. Follow the canonical importer or table-specific manual SQL template.,unknown parent ID → FOREIGN KEY constraint failed; invalid value/combination → CHECK or trigger rejection
G05,submission_processing,resume_education,raw_field_study_name,TEXT,no,no,no,yes,,,no,no,,No implicit business derivation. Follow the canonical importer or table-specific manual SQL template.,invalid values may still be rejected by the canonical importer
G05,submission_processing,resume_education,normalized_field_study_name,TEXT,no,no,no,yes,,,no,no,,Canonical importer must normalize the source value before INSERT; manual SQL must provide the reviewed normalized value.,invalid values may still be rejected by the canonical importer
G05,submission_processing,resume_education,field_study_id,INTEGER,no,no,no,yes,,field_study.id ON DELETE RESTRICT,no,no,,No implicit business derivation. Follow the canonical importer or table-specific manual SQL template.,unknown parent ID → FOREIGN KEY constraint failed
G05,submission_processing,resume_education,raw_major_name,TEXT,no,no,no,yes,,,no,no,,No implicit business derivation. Follow the canonical importer or table-specific manual SQL template.,invalid values may still be rejected by the canonical importer
G05,submission_processing,resume_education,normalized_major_name,TEXT,no,no,no,yes,,,no,no,,Canonical importer must normalize the source value before INSERT; manual SQL must provide the reviewed normalized value.,invalid values may still be rejected by the canonical importer
G05,submission_processing,resume_education,major_id,INTEGER,no,no,no,yes,,major.id ON DELETE RESTRICT,no,no,,No implicit business derivation. Follow the canonical importer or table-specific manual SQL template.,unknown parent ID → FOREIGN KEY constraint failed
G05,submission_processing,resume_education,gpa,TEXT,no,no,no,yes,,,no,no,,No implicit business derivation. Follow the canonical importer or table-specific manual SQL template.,invalid values may still be rejected by the canonical importer
G05,submission_processing,resume_education,education_start_date,TEXT,no,no,no,yes,,,no,no,,No implicit business derivation. Follow the canonical importer or table-specific manual SQL template.,invalid values may still be rejected by the canonical importer
G05,submission_processing,resume_education,education_end_date,TEXT,no,no,no,yes,,,no,no,,No implicit business derivation. Follow the canonical importer or table-specific manual SQL template.,invalid values may still be rejected by the canonical importer
G05,submission_processing,resume_education,is_current,INTEGER,no,no,no,yes,,,no,yes,,No implicit business derivation. Follow the canonical importer or table-specific manual SQL template.,invalid value/combination → CHECK or trigger rejection
G05,submission_processing,resume_education,extraction_eligibility_status,TEXT,no,yes,yes,no,,,no,yes,explicit_required,The extractor must explicitly record whether each candidate row is publishable and why.,omit → NOT NULL constraint failed: resume_education.extraction_eligibility_status; invalid value/combination → CHECK or trigger rejection
G05,submission_processing,resume_education,rejection_reason_detail,TEXT,no,no,no,yes,,,no,no,,No implicit business derivation. Follow the canonical importer or table-specific manual SQL template.,invalid values may still be rejected by the canonical importer
G05,submission_processing,resume_education,created_at,TEXT,no,yes,yes,no,,,no,no,,Canonical importer writes an RFC 3339 UTC timestamp when the business event occurs; do not invent a placeholder time.,omit → NOT NULL constraint failed: resume_education.created_at
G05,submission_processing,resume_employment,id,INTEGER,yes,no,no,no,,,no,no,,Omit on INSERT to let SQLite/D1 allocate the row ID; never guess or reuse an ID.,invalid values may still be rejected by the canonical importer
G05,submission_processing,resume_employment,resume_extraction_id,INTEGER,no,yes,yes,no,,resume_extraction.id ON DELETE CASCADE,yes,no,,No implicit business derivation. Follow the canonical importer or table-specific manual SQL template.,omit → NOT NULL constraint failed: resume_employment.resume_extraction_id; unknown parent ID → FOREIGN KEY constraint failed; duplicate protected value → UNIQUE constraint failed
G05,submission_processing,resume_employment,source_entry_order,INTEGER,no,yes,yes,no,,,yes,yes,,No implicit business derivation. Follow the canonical importer or table-specific manual SQL template.,omit → NOT NULL constraint failed: resume_employment.source_entry_order; duplicate protected value → UNIQUE constraint failed; invalid value/combination → CHECK or trigger rejection
G05,submission_processing,resume_employment,raw_employment_text,TEXT,no,no,no,yes,,,no,yes,,No implicit business derivation. Follow the canonical importer or table-specific manual SQL template.,invalid value/combination → CHECK or trigger rejection
G05,submission_processing,resume_employment,raw_company_name,TEXT,no,no,no,yes,,,no,yes,,No implicit business derivation. Follow the canonical importer or table-specific manual SQL template.,invalid value/combination → CHECK or trigger rejection
G05,submission_processing,resume_employment,normalized_company_name,TEXT,no,no,no,yes,,,no,no,,Canonical importer must normalize the source value before INSERT; manual SQL must provide the reviewed normalized value.,invalid values may still be rejected by the canonical importer
G05,submission_processing,resume_employment,raw_position_name,TEXT,no,no,no,yes,,,no,yes,,No implicit business derivation. Follow the canonical importer or table-specific manual SQL template.,invalid value/combination → CHECK or trigger rejection
G05,submission_processing,resume_employment,normalized_position_name,TEXT,no,no,no,yes,,,no,no,,Canonical importer must normalize the source value before INSERT; manual SQL must provide the reviewed normalized value.,invalid values may still be rejected by the canonical importer
G05,submission_processing,resume_employment,employment_description,TEXT,no,no,no,yes,,,no,no,,No implicit business derivation. Follow the canonical importer or table-specific manual SQL template.,invalid values may still be rejected by the canonical importer
G05,submission_processing,resume_employment,employment_start_date,TEXT,no,no,no,yes,,,no,yes,,No implicit business derivation. Follow the canonical importer or table-specific manual SQL template.,invalid value/combination → CHECK or trigger rejection
G05,submission_processing,resume_employment,employment_end_date,TEXT,no,no,no,yes,,,no,yes,,No implicit business derivation. Follow the canonical importer or table-specific manual SQL template.,invalid value/combination → CHECK or trigger rejection
G05,submission_processing,resume_employment,is_current,INTEGER,no,no,no,yes,,,no,yes,,No implicit business derivation. Follow the canonical importer or table-specific manual SQL template.,invalid value/combination → CHECK or trigger rejection
G05,submission_processing,resume_employment,extraction_eligibility_status,TEXT,no,yes,yes,no,,,no,yes,explicit_required,The extractor must explicitly record whether each candidate row is publishable and why.,omit → NOT NULL constraint failed: resume_employment.extraction_eligibility_status; invalid value/combination → CHECK or trigger rejection
G05,submission_processing,resume_employment,rejection_reason_detail,TEXT,no,no,no,yes,,,no,no,,No implicit business derivation. Follow the canonical importer or table-specific manual SQL template.,invalid values may still be rejected by the canonical importer
G05,submission_processing,resume_employment,created_at,TEXT,no,yes,yes,no,,,no,no,,Canonical importer writes an RFC 3339 UTC timestamp when the business event occurs; do not invent a placeholder time.,omit → NOT NULL constraint failed: resume_employment.created_at
G05,submission_processing,resume_extraction,id,INTEGER,yes,no,no,no,,,no,no,,Omit on INSERT to let SQLite/D1 allocate the row ID; never guess or reuse an ID.,invalid values may still be rejected by the canonical importer
G05,submission_processing,resume_extraction,resume_extraction_uuid,TEXT,no,yes,yes,no,,,yes,yes,,Canonical importer generates or validates the stable identifier; manual SQL must provide it unless a table-specific template says otherwise.,omit → NOT NULL constraint failed: resume_extraction.resume_extraction_uuid; duplicate protected value → UNIQUE constraint failed; invalid value/combination → CHECK or trigger rejection
G05,submission_processing,resume_extraction,submission_normalized_id,INTEGER,no,yes,yes,no,,submission_normalized.id ON DELETE RESTRICT,yes,no,,No implicit business derivation. Follow the canonical importer or table-specific manual SQL template.,omit → NOT NULL constraint failed: resume_extraction.submission_normalized_id; unknown parent ID → FOREIGN KEY constraint failed; duplicate protected value → UNIQUE constraint failed
G05,submission_processing,resume_extraction,raw_submission_resume_id,INTEGER,no,yes,yes,no,,raw_submission_resume.id ON DELETE RESTRICT,no,no,,No implicit business derivation. Follow the canonical importer or table-specific manual SQL template.,omit → NOT NULL constraint failed: resume_extraction.raw_submission_resume_id; unknown parent ID → FOREIGN KEY constraint failed
G05,submission_processing,resume_extraction,workflow_run_id,INTEGER,no,yes,yes,no,,etl_workflow_run.id ON DELETE CASCADE,no,no,,No implicit business derivation. Follow the canonical importer or table-specific manual SQL template.,omit → NOT NULL constraint failed: resume_extraction.workflow_run_id; unknown parent ID → FOREIGN KEY constraint failed
G05,submission_processing,resume_extraction,step_run_id,INTEGER,no,yes,yes,no,,etl_step_run.id ON DELETE CASCADE,yes,no,,No implicit business derivation. Follow the canonical importer or table-specific manual SQL template.,omit → NOT NULL constraint failed: resume_extraction.step_run_id; unknown parent ID → FOREIGN KEY constraint failed; duplicate protected value → UNIQUE constraint failed
G05,submission_processing,resume_extraction,extraction_version,TEXT,no,yes,yes,no,,,yes,yes,,No implicit business derivation. Follow the canonical importer or table-specific manual SQL template.,omit → NOT NULL constraint failed: resume_extraction.extraction_version; duplicate protected value → UNIQUE constraint failed; invalid value/combination → CHECK or trigger rejection
G05,submission_processing,resume_extraction,idempotency_key,TEXT,no,yes,yes,no,,,yes,yes,,Canonical importer generates or validates the stable identifier; manual SQL must provide it unless a table-specific template says otherwise.,omit → NOT NULL constraint failed: resume_extraction.idempotency_key; duplicate protected value → UNIQUE constraint failed; invalid value/combination → CHECK or trigger rejection
G05,submission_processing,resume_extraction,input_resume_text_sha256,TEXT,no,yes,yes,no,,,yes,yes,,No implicit business derivation. Follow the canonical importer or table-specific manual SQL template.,omit → NOT NULL constraint failed: resume_extraction.input_resume_text_sha256; duplicate protected value → UNIQUE constraint failed; invalid value/combination → CHECK or trigger rejection
G05,submission_processing,resume_extraction,extraction_status,TEXT,no,yes,no,no,running,,no,yes,schema_default,A Resume extraction run begins when structured extraction starts.,invalid value/combination → CHECK or trigger rejection
G05,submission_processing,resume_extraction,identity_record_count,INTEGER,no,yes,no,no,0,,no,yes,,No implicit business derivation. Follow the canonical importer or table-specific manual SQL template.,invalid value/combination → CHECK or trigger rejection
G05,submission_processing,resume_extraction,education_record_count,INTEGER,no,yes,no,no,0,,no,yes,,No implicit business derivation. Follow the canonical importer or table-specific manual SQL template.,invalid value/combination → CHECK or trigger rejection
G05,submission_processing,resume_extraction,employment_record_count,INTEGER,no,yes,no,no,0,,no,yes,,No implicit business derivation. Follow the canonical importer or table-specific manual SQL template.,invalid value/combination → CHECK or trigger rejection
G05,submission_processing,resume_extraction,skill_record_count,INTEGER,no,yes,no,no,0,,no,yes,,No implicit business derivation. Follow the canonical importer or table-specific manual SQL template.,invalid value/combination → CHECK or trigger rejection
G05,submission_processing,resume_extraction,project_record_count,INTEGER,no,yes,no,no,0,,no,yes,,No implicit business derivation. Follow the canonical importer or table-specific manual SQL template.,invalid value/combination → CHECK or trigger rejection
G05,submission_processing,resume_extraction,warning_count,INTEGER,no,yes,no,no,0,,no,yes,,No implicit business derivation. Follow the canonical importer or table-specific manual SQL template.,invalid value/combination → CHECK or trigger rejection
G05,submission_processing,resume_extraction,warnings_json,TEXT,no,no,no,yes,,,no,yes,,No implicit business derivation. Follow the canonical importer or table-specific manual SQL template.,invalid value/combination → CHECK or trigger rejection
G05,submission_processing,resume_extraction,last_error_code,TEXT,no,no,no,yes,,,no,no,,No implicit business derivation. Follow the canonical importer or table-specific manual SQL template.,invalid values may still be rejected by the canonical importer
G05,submission_processing,resume_extraction,last_error_detail,TEXT,no,no,no,yes,,,no,no,,No implicit business derivation. Follow the canonical importer or table-specific manual SQL template.,invalid values may still be rejected by the canonical importer
G05,submission_processing,resume_extraction,started_at,TEXT,no,yes,yes,no,,,no,no,,Canonical importer writes an RFC 3339 UTC timestamp when the business event occurs; do not invent a placeholder time.,omit → NOT NULL constraint failed: resume_extraction.started_at
G05,submission_processing,resume_extraction,completed_at,TEXT,no,no,no,yes,,,no,yes,,Canonical importer writes an RFC 3339 UTC timestamp when the business event occurs; do not invent a placeholder time.,invalid value/combination → CHECK or trigger rejection
G05,submission_processing,resume_extraction,created_at,TEXT,no,yes,yes,no,,,no,no,,Canonical importer writes an RFC 3339 UTC timestamp when the business event occurs; do not invent a placeholder time.,omit → NOT NULL constraint failed: resume_extraction.created_at
G05,submission_processing,resume_extraction,updated_at,TEXT,no,yes,yes,no,,,no,no,,Canonical importer writes an RFC 3339 UTC timestamp when the business event occurs; do not invent a placeholder time.,omit → NOT NULL constraint failed: resume_extraction.updated_at
G05,submission_processing,resume_project,id,INTEGER,yes,no,no,no,,,no,no,,Omit on INSERT to let SQLite/D1 allocate the row ID; never guess or reuse an ID.,invalid values may still be rejected by the canonical importer
G05,submission_processing,resume_project,resume_extraction_id,INTEGER,no,yes,yes,no,,resume_extraction.id ON DELETE CASCADE,yes,no,,No implicit business derivation. Follow the canonical importer or table-specific manual SQL template.,omit → NOT NULL constraint failed: resume_project.resume_extraction_id; unknown parent ID → FOREIGN KEY constraint failed; duplicate protected value → UNIQUE constraint failed
G05,submission_processing,resume_project,source_entry_order,INTEGER,no,yes,yes,no,,,yes,yes,,No implicit business derivation. Follow the canonical importer or table-specific manual SQL template.,omit → NOT NULL constraint failed: resume_project.source_entry_order; duplicate protected value → UNIQUE constraint failed; invalid value/combination → CHECK or trigger rejection
G05,submission_processing,resume_project,raw_project_text,TEXT,no,no,no,yes,,,no,yes,,No implicit business derivation. Follow the canonical importer or table-specific manual SQL template.,invalid value/combination → CHECK or trigger rejection
G05,submission_processing,resume_project,raw_project_name,TEXT,no,no,no,yes,,,no,yes,,No implicit business derivation. Follow the canonical importer or table-specific manual SQL template.,invalid value/combination → CHECK or trigger rejection
G05,submission_processing,resume_project,normalized_project_name,TEXT,no,no,no,yes,,,no,no,,Canonical importer must normalize the source value before INSERT; manual SQL must provide the reviewed normalized value.,invalid values may still be rejected by the canonical importer
G05,submission_processing,resume_project,project_description,TEXT,no,no,no,yes,,,no,no,,No implicit business derivation. Follow the canonical importer or table-specific manual SQL template.,invalid values may still be rejected by the canonical importer
G05,submission_processing,resume_project,project_start_date,TEXT,no,no,no,yes,,,no,no,,No implicit business derivation. Follow the canonical importer or table-specific manual SQL template.,invalid values may still be rejected by the canonical importer
G05,submission_processing,resume_project,project_end_date,TEXT,no,no,no,yes,,,no,no,,No implicit business derivation. Follow the canonical importer or table-specific manual SQL template.,invalid values may still be rejected by the canonical importer
G05,submission_processing,resume_project,project_url,TEXT,no,no,no,yes,,,no,no,,No implicit business derivation. Follow the canonical importer or table-specific manual SQL template.,invalid values may still be rejected by the canonical importer
G05,submission_processing,resume_project,extraction_eligibility_status,TEXT,no,yes,yes,no,,,no,yes,explicit_required,The extractor must explicitly record whether each candidate row is publishable and why.,omit → NOT NULL constraint failed: resume_project.extraction_eligibility_status; invalid value/combination → CHECK or trigger rejection
G05,submission_processing,resume_project,rejection_reason_detail,TEXT,no,no,no,yes,,,no,no,,No implicit business derivation. Follow the canonical importer or table-specific manual SQL template.,invalid values may still be rejected by the canonical importer
G05,submission_processing,resume_project,created_at,TEXT,no,yes,yes,no,,,no,no,,Canonical importer writes an RFC 3339 UTC timestamp when the business event occurs; do not invent a placeholder time.,omit → NOT NULL constraint failed: resume_project.created_at
G05,submission_processing,resume_skill,id,INTEGER,yes,no,no,no,,,no,no,,Omit on INSERT to let SQLite/D1 allocate the row ID; never guess or reuse an ID.,invalid values may still be rejected by the canonical importer
G05,submission_processing,resume_skill,resume_extraction_id,INTEGER,no,yes,yes,no,,resume_extraction.id ON DELETE CASCADE,yes,no,,No implicit business derivation. Follow the canonical importer or table-specific manual SQL template.,omit → NOT NULL constraint failed: resume_skill.resume_extraction_id; unknown parent ID → FOREIGN KEY constraint failed; duplicate protected value → UNIQUE constraint failed
G05,submission_processing,resume_skill,source_entry_order,INTEGER,no,yes,yes,no,,,yes,yes,,No implicit business derivation. Follow the canonical importer or table-specific manual SQL template.,omit → NOT NULL constraint failed: resume_skill.source_entry_order; duplicate protected value → UNIQUE constraint failed; invalid value/combination → CHECK or trigger rejection
G05,submission_processing,resume_skill,raw_skill_text,TEXT,no,yes,yes,no,,,no,yes,,No implicit business derivation. Follow the canonical importer or table-specific manual SQL template.,omit → NOT NULL constraint failed: resume_skill.raw_skill_text; invalid value/combination → CHECK or trigger rejection
G05,submission_processing,resume_skill,normalized_skill_name,TEXT,no,no,no,yes,,,no,no,,Canonical importer must normalize the source value before INSERT; manual SQL must provide the reviewed normalized value.,invalid values may still be rejected by the canonical importer
G05,submission_processing,resume_skill,skill_id,INTEGER,no,no,no,yes,,skill.id ON DELETE RESTRICT,no,yes,,No implicit business derivation. Follow the canonical importer or table-specific manual SQL template.,unknown parent ID → FOREIGN KEY constraint failed; invalid value/combination → CHECK or trigger rejection
G05,submission_processing,resume_skill,matched_context_text,TEXT,no,no,no,yes,,,no,no,,No implicit business derivation. Follow the canonical importer or table-specific manual SQL template.,invalid values may still be rejected by the canonical importer
G05,submission_processing,resume_skill,match_method,TEXT,no,yes,yes,no,,,no,yes,,No implicit business derivation. Follow the canonical importer or table-specific manual SQL template.,omit → NOT NULL constraint failed: resume_skill.match_method; invalid value/combination → CHECK or trigger rejection
G05,submission_processing,resume_skill,extraction_eligibility_status,TEXT,no,yes,yes,no,,,no,yes,explicit_required,The extractor must explicitly record whether each candidate row is publishable and why.,omit → NOT NULL constraint failed: resume_skill.extraction_eligibility_status; invalid value/combination → CHECK or trigger rejection
G05,submission_processing,resume_skill,rejection_reason_detail,TEXT,no,no,no,yes,,,no,no,,No implicit business derivation. Follow the canonical importer or table-specific manual SQL template.,invalid values may still be rejected by the canonical importer
G05,submission_processing,resume_skill,created_at,TEXT,no,yes,yes,no,,,no,no,,Canonical importer writes an RFC 3339 UTC timestamp when the business event occurs; do not invent a placeholder time.,omit → NOT NULL constraint failed: resume_skill.created_at
G05,submission_processing,submission_identity_feature,id,INTEGER,yes,no,no,no,,,no,no,,Omit on INSERT to let SQLite/D1 allocate the row ID; never guess or reuse an ID.,invalid values may still be rejected by the canonical importer
G05,submission_processing,submission_identity_feature,submission_normalized_id,INTEGER,no,yes,yes,no,,submission_normalized.id ON DELETE CASCADE,yes,no,,No implicit business derivation. Follow the canonical importer or table-specific manual SQL template.,omit → NOT NULL constraint failed: submission_identity_feature.submission_normalized_id; unknown parent ID → FOREIGN KEY constraint failed; duplicate protected value → UNIQUE constraint failed
G05,submission_processing,submission_identity_feature,resume_extraction_id,INTEGER,no,no,no,yes,,resume_extraction.id ON DELETE CASCADE,no,yes,,No implicit business derivation. Follow the canonical importer or table-specific manual SQL template.,unknown parent ID → FOREIGN KEY constraint failed; invalid value/combination → CHECK or trigger rejection
G05,submission_processing,submission_identity_feature,feature_type,TEXT,no,yes,yes,no,,,yes,yes,,No implicit business derivation. Follow the canonical importer or table-specific manual SQL template.,omit → NOT NULL constraint failed: submission_identity_feature.feature_type; duplicate protected value → UNIQUE constraint failed; invalid value/combination → CHECK or trigger rejection
G05,submission_processing,submission_identity_feature,feature_source,TEXT,no,yes,yes,no,,,yes,yes,,No implicit business derivation. Follow the canonical importer or table-specific manual SQL template.,omit → NOT NULL constraint failed: submission_identity_feature.feature_source; duplicate protected value → UNIQUE constraint failed; invalid value/combination → CHECK or trigger rejection
G05,submission_processing,submission_identity_feature,normalized_value,TEXT,no,yes,yes,no,,,no,yes,,Canonical importer must normalize the source value before INSERT; manual SQL must provide the reviewed normalized value.,omit → NOT NULL constraint failed: submission_identity_feature.normalized_value; invalid value/combination → CHECK or trigger rejection
G05,submission_processing,submission_identity_feature,normalized_value_hmac,TEXT,no,yes,yes,no,,,yes,yes,,Canonical importer must normalize the source value before INSERT; manual SQL must provide the reviewed normalized value.,omit → NOT NULL constraint failed: submission_identity_feature.normalized_value_hmac; duplicate protected value → UNIQUE constraint failed; invalid value/combination → CHECK or trigger rejection
G05,submission_processing,submission_identity_feature,hmac_key_version,TEXT,no,yes,yes,no,,,no,yes,,No implicit business derivation. Follow the canonical importer or table-specific manual SQL template.,omit → NOT NULL constraint failed: submission_identity_feature.hmac_key_version; invalid value/combination → CHECK or trigger rejection
G05,submission_processing,submission_identity_feature,account_handle,TEXT,no,no,no,yes,,,no,no,,No implicit business derivation. Follow the canonical importer or table-specific manual SQL template.,invalid values may still be rejected by the canonical importer
G05,submission_processing,submission_identity_feature,is_primary_candidate,INTEGER,no,yes,no,no,0,,no,yes,,No implicit business derivation. Follow the canonical importer or table-specific manual SQL template.,invalid value/combination → CHECK or trigger rejection
G05,submission_processing,submission_identity_feature,selection_status,TEXT,no,yes,yes,no,,,no,yes,explicit_required,Identity extraction must explicitly record selected ambiguous or rejected disposition.,omit → NOT NULL constraint failed: submission_identity_feature.selection_status; invalid value/combination → CHECK or trigger rejection
G05,submission_processing,submission_identity_feature,created_at,TEXT,no,yes,yes,no,,,no,no,,Canonical importer writes an RFC 3339 UTC timestamp when the business event occurs; do not invent a placeholder time.,omit → NOT NULL constraint failed: submission_identity_feature.created_at
G05,submission_processing,submission_normalized,id,INTEGER,yes,no,no,no,,,no,no,,Omit on INSERT to let SQLite/D1 allocate the row ID; never guess or reuse an ID.,invalid values may still be rejected by the canonical importer
G05,submission_processing,submission_normalized,submission_normalized_uuid,TEXT,no,yes,yes,no,,,yes,yes,,Canonical importer generates or validates the stable identifier; manual SQL must provide it unless a table-specific template says otherwise.,omit → NOT NULL constraint failed: submission_normalized.submission_normalized_uuid; duplicate protected value → UNIQUE constraint failed; invalid value/combination → CHECK or trigger rejection
G05,submission_processing,submission_normalized,raw_submission_id,INTEGER,no,yes,yes,no,,raw_submission.id ON DELETE RESTRICT,yes,no,,No implicit business derivation. Follow the canonical importer or table-specific manual SQL template.,omit → NOT NULL constraint failed: submission_normalized.raw_submission_id; unknown parent ID → FOREIGN KEY constraint failed; duplicate protected value → UNIQUE constraint failed
G05,submission_processing,submission_normalized,normalization_run_id,INTEGER,no,yes,yes,no,,normalization_run.id ON DELETE CASCADE,yes,no,,No implicit business derivation. Follow the canonical importer or table-specific manual SQL template.,omit → NOT NULL constraint failed: submission_normalized.normalization_run_id; unknown parent ID → FOREIGN KEY constraint failed; duplicate protected value → UNIQUE constraint failed
G05,submission_processing,submission_normalized,normalization_version,TEXT,no,yes,yes,no,,,yes,yes,,No implicit business derivation. Follow the canonical importer or table-specific manual SQL template.,omit → NOT NULL constraint failed: submission_normalized.normalization_version; duplicate protected value → UNIQUE constraint failed; invalid value/combination → CHECK or trigger rejection
G05,submission_processing,submission_normalized,company_id,INTEGER,no,yes,yes,no,,company.id ON DELETE RESTRICT,no,no,,No implicit business derivation. Follow the canonical importer or table-specific manual SQL template.,omit → NOT NULL constraint failed: submission_normalized.company_id; unknown parent ID → FOREIGN KEY constraint failed
G05,submission_processing,submission_normalized,company_work_mode_id,INTEGER,no,no,no,yes,,company_work_mode.id ON DELETE RESTRICT,no,no,,No implicit business derivation. Follow the canonical importer or table-specific manual SQL template.,unknown parent ID → FOREIGN KEY constraint failed
G05,submission_processing,submission_normalized,position_id,INTEGER,no,yes,yes,no,,position.id ON DELETE RESTRICT,no,no,,No implicit business derivation. Follow the canonical importer or table-specific manual SQL template.,omit → NOT NULL constraint failed: submission_normalized.position_id; unknown parent ID → FOREIGN KEY constraint failed
G05,submission_processing,submission_normalized,normalized_person_name,TEXT,no,no,no,yes,,,no,no,,Canonical importer must normalize the source value before INSERT; manual SQL must provide the reviewed normalized value.,invalid values may still be rejected by the canonical importer
G05,submission_processing,submission_normalized,normalized_first_name,TEXT,no,no,no,yes,,,no,no,,Canonical importer must normalize the source value before INSERT; manual SQL must provide the reviewed normalized value.,invalid values may still be rejected by the canonical importer
G05,submission_processing,submission_normalized,normalized_middle_name,TEXT,no,no,no,yes,,,no,no,,Canonical importer must normalize the source value before INSERT; manual SQL must provide the reviewed normalized value.,invalid values may still be rejected by the canonical importer
G05,submission_processing,submission_normalized,normalized_last_name,TEXT,no,no,no,yes,,,no,no,,Canonical importer must normalize the source value before INSERT; manual SQL must provide the reviewed normalized value.,invalid values may still be rejected by the canonical importer
G05,submission_processing,submission_normalized,normalized_email_address,TEXT,no,no,no,yes,,,no,yes,,Canonical importer must normalize the source value before INSERT; manual SQL must provide the reviewed normalized value.,invalid value/combination → CHECK or trigger rejection
G05,submission_processing,submission_normalized,normalized_phone,TEXT,no,no,no,yes,,,no,no,,Canonical importer must normalize the source value before INSERT; manual SQL must provide the reviewed normalized value.,invalid values may still be rejected by the canonical importer
G05,submission_processing,submission_normalized,requested_start_date,TEXT,no,no,no,yes,,,no,yes,,No implicit business derivation. Follow the canonical importer or table-specific manual SQL template.,invalid value/combination → CHECK or trigger rejection
G05,submission_processing,submission_normalized,requested_end_date,TEXT,no,no,no,yes,,,no,no,,No implicit business derivation. Follow the canonical importer or table-specific manual SQL template.,invalid values may still be rejected by the canonical importer
G05,submission_processing,submission_normalized,requested_start_year_month,TEXT,no,no,no,yes,,,no,yes,,No implicit business derivation. Follow the canonical importer or table-specific manual SQL template.,invalid value/combination → CHECK or trigger rejection
G05,submission_processing,submission_normalized,work_duration,TEXT,no,no,no,yes,,,no,no,,No implicit business derivation. Follow the canonical importer or table-specific manual SQL template.,invalid values may still be rejected by the canonical importer
G05,submission_processing,submission_normalized,normalized_at,TEXT,no,yes,yes,no,,,no,no,,Canonical importer must normalize the source value before INSERT; manual SQL must provide the reviewed normalized value.,omit → NOT NULL constraint failed: submission_normalized.normalized_at
G05,submission_processing,submission_normalized,created_at,TEXT,no,yes,yes,no,,,no,no,,Canonical importer writes an RFC 3339 UTC timestamp when the business event occurs; do not invent a placeholder time.,omit → NOT NULL constraint failed: submission_normalized.created_at
G06,dedup_admission,submission_dedup_match,id,INTEGER,yes,no,no,no,,,no,no,,Omit on INSERT to let SQLite/D1 allocate the row ID; never guess or reuse an ID.,invalid values may still be rejected by the canonical importer
G06,dedup_admission,submission_dedup_match,dedup_match_uuid,TEXT,no,yes,yes,no,,,yes,yes,,Canonical importer generates or validates the stable identifier; manual SQL must provide it unless a table-specific template says otherwise.,omit → NOT NULL constraint failed: submission_dedup_match.dedup_match_uuid; duplicate protected value → UNIQUE constraint failed; invalid value/combination → CHECK or trigger rejection
G06,dedup_admission,submission_dedup_match,dedup_run_id,INTEGER,no,yes,yes,no,,submission_dedup_run.id ON DELETE CASCADE | submission_dedup_run.id ON DELETE CASCADE,yes,no,,No implicit business derivation. Follow the canonical importer or table-specific manual SQL template.,omit → NOT NULL constraint failed: submission_dedup_match.dedup_run_id; unknown parent ID → FOREIGN KEY constraint failed; duplicate protected value → UNIQUE constraint failed
G06,dedup_admission,submission_dedup_match,target_submission_normalized_id,INTEGER,no,yes,yes,no,,submission_normalized.id ON DELETE RESTRICT | submission_dedup_run.target_submission_normalized_id ON DELETE CASCADE,no,yes,,No implicit business derivation. Follow the canonical importer or table-specific manual SQL template.,omit → NOT NULL constraint failed: submission_dedup_match.target_submission_normalized_id; unknown parent ID → FOREIGN KEY constraint failed; invalid value/combination → CHECK or trigger rejection
G06,dedup_admission,submission_dedup_match,matched_submission_normalized_id,INTEGER,no,yes,yes,no,,submission_normalized.id ON DELETE RESTRICT,yes,yes,,No implicit business derivation. Follow the canonical importer or table-specific manual SQL template.,omit → NOT NULL constraint failed: submission_dedup_match.matched_submission_normalized_id; unknown parent ID → FOREIGN KEY constraint failed; duplicate protected value → UNIQUE constraint failed; invalid value/combination → CHECK or trigger rejection
G06,dedup_admission,submission_dedup_match,primary_match_rule,TEXT,no,yes,yes,no,,,no,yes,,No implicit business derivation. Follow the canonical importer or table-specific manual SQL template.,omit → NOT NULL constraint failed: submission_dedup_match.primary_match_rule; invalid value/combination → CHECK or trigger rejection
G06,dedup_admission,submission_dedup_match,is_selected_prior_submission,INTEGER,no,yes,no,no,0,,no,yes,,No implicit business derivation. Follow the canonical importer or table-specific manual SQL template.,invalid value/combination → CHECK or trigger rejection
G06,dedup_admission,submission_dedup_match,strong_evidence_count,INTEGER,no,yes,no,no,0,,no,yes,,No implicit business derivation. Follow the canonical importer or table-specific manual SQL template.,invalid value/combination → CHECK or trigger rejection
G06,dedup_admission,submission_dedup_match,resume_identity_evidence_count,INTEGER,no,yes,no,no,0,,no,yes,,No implicit business derivation. Follow the canonical importer or table-specific manual SQL template.,invalid value/combination → CHECK or trigger rejection
G06,dedup_admission,submission_dedup_match,total_evidence_count,INTEGER,no,yes,yes,no,,,no,yes,,No implicit business derivation. Follow the canonical importer or table-specific manual SQL template.,omit → NOT NULL constraint failed: submission_dedup_match.total_evidence_count; invalid value/combination → CHECK or trigger rejection
G06,dedup_admission,submission_dedup_match,has_strong_identity_match,INTEGER,no,yes,yes,no,,,no,yes,,No implicit business derivation. Follow the canonical importer or table-specific manual SQL template.,omit → NOT NULL constraint failed: submission_dedup_match.has_strong_identity_match; invalid value/combination → CHECK or trigger rejection
G06,dedup_admission,submission_dedup_match,has_resume_identity_match,INTEGER,no,yes,yes,no,,,no,yes,,No implicit business derivation. Follow the canonical importer or table-specific manual SQL template.,omit → NOT NULL constraint failed: submission_dedup_match.has_resume_identity_match; invalid value/combination → CHECK or trigger rejection
G06,dedup_admission,submission_dedup_match,final_match_score,REAL,no,yes,yes,no,,,no,yes,,No implicit business derivation. Follow the canonical importer or table-specific manual SQL template.,omit → NOT NULL constraint failed: submission_dedup_match.final_match_score; invalid value/combination → CHECK or trigger rejection
G06,dedup_admission,submission_dedup_match,matched_at,TEXT,no,yes,yes,no,,,no,no,,Canonical importer writes an RFC 3339 UTC timestamp when the business event occurs; do not invent a placeholder time.,omit → NOT NULL constraint failed: submission_dedup_match.matched_at
G06,dedup_admission,submission_dedup_match,created_at,TEXT,no,yes,yes,no,,,no,no,,Canonical importer writes an RFC 3339 UTC timestamp when the business event occurs; do not invent a placeholder time.,omit → NOT NULL constraint failed: submission_dedup_match.created_at
G06,dedup_admission,submission_dedup_run,id,INTEGER,yes,no,no,no,,,yes,no,,Omit on INSERT to let SQLite/D1 allocate the row ID; never guess or reuse an ID.,duplicate protected value → UNIQUE constraint failed
G06,dedup_admission,submission_dedup_run,dedup_run_uuid,TEXT,no,yes,yes,no,,,yes,yes,,Canonical importer generates or validates the stable identifier; manual SQL must provide it unless a table-specific template says otherwise.,omit → NOT NULL constraint failed: submission_dedup_run.dedup_run_uuid; duplicate protected value → UNIQUE constraint failed; invalid value/combination → CHECK or trigger rejection
G06,dedup_admission,submission_dedup_run,target_submission_normalized_id,INTEGER,no,yes,yes,no,,submission_normalized.id ON DELETE RESTRICT,yes,yes,,No implicit business derivation. Follow the canonical importer or table-specific manual SQL template.,omit → NOT NULL constraint failed: submission_dedup_run.target_submission_normalized_id; unknown parent ID → FOREIGN KEY constraint failed; duplicate protected value → UNIQUE constraint failed; invalid value/combination → CHECK or trigger rejection
G06,dedup_admission,submission_dedup_run,workflow_run_id,INTEGER,no,yes,yes,no,,etl_workflow_run.id ON DELETE CASCADE,no,no,,No implicit business derivation. Follow the canonical importer or table-specific manual SQL template.,omit → NOT NULL constraint failed: submission_dedup_run.workflow_run_id; unknown parent ID → FOREIGN KEY constraint failed
G06,dedup_admission,submission_dedup_run,step_run_id,INTEGER,no,yes,yes,no,,etl_step_run.id ON DELETE CASCADE,yes,no,,No implicit business derivation. Follow the canonical importer or table-specific manual SQL template.,omit → NOT NULL constraint failed: submission_dedup_run.step_run_id; unknown parent ID → FOREIGN KEY constraint failed; duplicate protected value → UNIQUE constraint failed
G06,dedup_admission,submission_dedup_run,dedup_rule_version,TEXT,no,yes,yes,no,,,yes,yes,,No implicit business derivation. Follow the canonical importer or table-specific manual SQL template.,omit → NOT NULL constraint failed: submission_dedup_run.dedup_rule_version; duplicate protected value → UNIQUE constraint failed; invalid value/combination → CHECK or trigger rejection
G06,dedup_admission,submission_dedup_run,idempotency_key,TEXT,no,yes,yes,no,,,yes,yes,,Canonical importer generates or validates the stable identifier; manual SQL must provide it unless a table-specific template says otherwise.,omit → NOT NULL constraint failed: submission_dedup_run.idempotency_key; duplicate protected value → UNIQUE constraint failed; invalid value/combination → CHECK or trigger rejection
G06,dedup_admission,submission_dedup_run,dedup_company_id,INTEGER,no,yes,yes,no,,company.id ON DELETE RESTRICT,no,no,,No implicit business derivation. Follow the canonical importer or table-specific manual SQL template.,omit → NOT NULL constraint failed: submission_dedup_run.dedup_company_id; unknown parent ID → FOREIGN KEY constraint failed
G06,dedup_admission,submission_dedup_run,dedup_position_id,INTEGER,no,yes,yes,no,,position.id ON DELETE RESTRICT,no,no,,No implicit business derivation. Follow the canonical importer or table-specific manual SQL template.,omit → NOT NULL constraint failed: submission_dedup_run.dedup_position_id; unknown parent ID → FOREIGN KEY constraint failed
G06,dedup_admission,submission_dedup_run,dedup_requested_start_year_month,TEXT,no,no,no,yes,,,no,yes,,No implicit business derivation. Follow the canonical importer or table-specific manual SQL template.,invalid value/combination → CHECK or trigger rejection
G06,dedup_admission,submission_dedup_run,dedup_group_key,TEXT,no,no,no,yes,,,no,yes,,Canonical importer generates or validates the stable identifier; manual SQL must provide it unless a table-specific template says otherwise.,invalid value/combination → CHECK or trigger rejection
G06,dedup_admission,submission_dedup_run,run_status,TEXT,no,yes,no,no,running,,no,yes,schema_default,A dedup run begins when global comparison starts.,invalid value/combination → CHECK or trigger rejection
G06,dedup_admission,submission_dedup_run,dedup_decision,TEXT,no,no,no,yes,,,no,yes,,No implicit business derivation. Follow the canonical importer or table-specific manual SQL template.,invalid value/combination → CHECK or trigger rejection
G06,dedup_admission,submission_dedup_run,application_entry_decision,TEXT,no,yes,no,no,pending,,no,yes,,No implicit business derivation. Follow the canonical importer or table-specific manual SQL template.,invalid value/combination → CHECK or trigger rejection
G06,dedup_admission,submission_dedup_run,decision_reason_code,TEXT,no,no,no,yes,,,no,no,,No implicit business derivation. Follow the canonical importer or table-specific manual SQL template.,invalid values may still be rejected by the canonical importer
G06,dedup_admission,submission_dedup_run,selected_prior_submission_normalized_id,INTEGER,no,no,no,yes,,submission_normalized.id ON DELETE RESTRICT,no,yes,,No implicit business derivation. Follow the canonical importer or table-specific manual SQL template.,unknown parent ID → FOREIGN KEY constraint failed; invalid value/combination → CHECK or trigger rejection
G06,dedup_admission,submission_dedup_run,canonical_submission_normalized_id,INTEGER,no,no,no,yes,,submission_normalized.id ON DELETE RESTRICT,no,no,,No implicit business derivation. Follow the canonical importer or table-specific manual SQL template.,unknown parent ID → FOREIGN KEY constraint failed
G06,dedup_admission,submission_dedup_run,identity_component_key,TEXT,no,no,no,yes,,,no,no,,Canonical importer generates or validates the stable identifier; manual SQL must provide it unless a table-specific template says otherwise.,invalid values may still be rejected by the canonical importer
G06,dedup_admission,submission_dedup_run,submission_attempt_number,INTEGER,no,no,no,yes,,,no,yes,,No implicit business derivation. Follow the canonical importer or table-specific manual SQL template.,invalid value/combination → CHECK or trigger rejection
G06,dedup_admission,submission_dedup_run,max_submission_attempts_snapshot,INTEGER,no,no,no,yes,,,no,yes,,No implicit business derivation. Follow the canonical importer or table-specific manual SQL template.,invalid value/combination → CHECK or trigger rejection
G06,dedup_admission,submission_dedup_run,scope_submission_count,INTEGER,no,yes,no,no,0,,no,yes,,No implicit business derivation. Follow the canonical importer or table-specific manual SQL template.,invalid value/combination → CHECK or trigger rejection
G06,dedup_admission,submission_dedup_run,evaluated_pair_count,INTEGER,no,yes,no,no,0,,no,yes,,No implicit business derivation. Follow the canonical importer or table-specific manual SQL template.,invalid value/combination → CHECK or trigger rejection
G06,dedup_admission,submission_dedup_run,matched_pair_count,INTEGER,no,yes,no,no,0,,no,yes,,No implicit business derivation. Follow the canonical importer or table-specific manual SQL template.,invalid value/combination → CHECK or trigger rejection
G06,dedup_admission,submission_dedup_run,has_strong_identity_match,INTEGER,no,no,no,yes,,,no,yes,,No implicit business derivation. Follow the canonical importer or table-specific manual SQL template.,invalid value/combination → CHECK or trigger rejection
G06,dedup_admission,submission_dedup_run,has_resume_identity_match,INTEGER,no,no,no,yes,,,no,yes,,No implicit business derivation. Follow the canonical importer or table-specific manual SQL template.,invalid value/combination → CHECK or trigger rejection
G06,dedup_admission,submission_dedup_run,final_match_score,REAL,no,no,no,yes,,,no,yes,,No implicit business derivation. Follow the canonical importer or table-specific manual SQL template.,invalid value/combination → CHECK or trigger rejection
G06,dedup_admission,submission_dedup_run,rule_config_json,TEXT,no,yes,yes,no,,,no,yes,,No implicit business derivation. Follow the canonical importer or table-specific manual SQL template.,omit → NOT NULL constraint failed: submission_dedup_run.rule_config_json; invalid value/combination → CHECK or trigger rejection
G06,dedup_admission,submission_dedup_run,last_error_code,TEXT,no,no,no,yes,,,no,no,,No implicit business derivation. Follow the canonical importer or table-specific manual SQL template.,invalid values may still be rejected by the canonical importer
G06,dedup_admission,submission_dedup_run,last_error_detail,TEXT,no,no,no,yes,,,no,no,,No implicit business derivation. Follow the canonical importer or table-specific manual SQL template.,invalid values may still be rejected by the canonical importer
G06,dedup_admission,submission_dedup_run,started_at,TEXT,no,yes,yes,no,,,no,no,,Canonical importer writes an RFC 3339 UTC timestamp when the business event occurs; do not invent a placeholder time.,omit → NOT NULL constraint failed: submission_dedup_run.started_at
G06,dedup_admission,submission_dedup_run,completed_at,TEXT,no,no,no,yes,,,no,yes,,Canonical importer writes an RFC 3339 UTC timestamp when the business event occurs; do not invent a placeholder time.,invalid value/combination → CHECK or trigger rejection
G06,dedup_admission,submission_dedup_run,created_at,TEXT,no,yes,yes,no,,,no,no,,Canonical importer writes an RFC 3339 UTC timestamp when the business event occurs; do not invent a placeholder time.,omit → NOT NULL constraint failed: submission_dedup_run.created_at
G06,dedup_admission,submission_dedup_run,updated_at,TEXT,no,yes,yes,no,,,no,no,,Canonical importer writes an RFC 3339 UTC timestamp when the business event occurs; do not invent a placeholder time.,omit → NOT NULL constraint failed: submission_dedup_run.updated_at
G06,dedup_admission,submission_match_evidence,id,INTEGER,yes,no,no,no,,,no,no,,Omit on INSERT to let SQLite/D1 allocate the row ID; never guess or reuse an ID.,invalid values may still be rejected by the canonical importer
G06,dedup_admission,submission_match_evidence,evidence_uuid,TEXT,no,yes,yes,no,,,yes,yes,,Canonical importer generates or validates the stable identifier; manual SQL must provide it unless a table-specific template says otherwise.,omit → NOT NULL constraint failed: submission_match_evidence.evidence_uuid; duplicate protected value → UNIQUE constraint failed; invalid value/combination → CHECK or trigger rejection
G06,dedup_admission,submission_match_evidence,dedup_match_id,INTEGER,no,yes,yes,no,,submission_dedup_match.id ON DELETE CASCADE,yes,no,,No implicit business derivation. Follow the canonical importer or table-specific manual SQL template.,omit → NOT NULL constraint failed: submission_match_evidence.dedup_match_id; unknown parent ID → FOREIGN KEY constraint failed; duplicate protected value → UNIQUE constraint failed
G06,dedup_admission,submission_match_evidence,evidence_type,TEXT,no,yes,yes,no,,,yes,yes,,No implicit business derivation. Follow the canonical importer or table-specific manual SQL template.,omit → NOT NULL constraint failed: submission_match_evidence.evidence_type; duplicate protected value → UNIQUE constraint failed; invalid value/combination → CHECK or trigger rejection
G06,dedup_admission,submission_match_evidence,evidence_strength,TEXT,no,yes,yes,no,,,no,yes,,No implicit business derivation. Follow the canonical importer or table-specific manual SQL template.,omit → NOT NULL constraint failed: submission_match_evidence.evidence_strength; invalid value/combination → CHECK or trigger rejection
G06,dedup_admission,submission_match_evidence,target_identity_feature_id,INTEGER,no,yes,yes,no,,submission_identity_feature.id ON DELETE RESTRICT,no,no,,No implicit business derivation. Follow the canonical importer or table-specific manual SQL template.,omit → NOT NULL constraint failed: submission_match_evidence.target_identity_feature_id; unknown parent ID → FOREIGN KEY constraint failed
G06,dedup_admission,submission_match_evidence,matched_identity_feature_id,INTEGER,no,yes,yes,no,,submission_identity_feature.id ON DELETE RESTRICT,no,no,,No implicit business derivation. Follow the canonical importer or table-specific manual SQL template.,omit → NOT NULL constraint failed: submission_match_evidence.matched_identity_feature_id; unknown parent ID → FOREIGN KEY constraint failed
G06,dedup_admission,submission_match_evidence,matched_value_hmac,TEXT,no,yes,yes,no,,,yes,yes,,No implicit business derivation. Follow the canonical importer or table-specific manual SQL template.,omit → NOT NULL constraint failed: submission_match_evidence.matched_value_hmac; duplicate protected value → UNIQUE constraint failed; invalid value/combination → CHECK or trigger rejection
G06,dedup_admission,submission_match_evidence,hmac_key_version,TEXT,no,yes,yes,no,,,no,yes,,No implicit business derivation. Follow the canonical importer or table-specific manual SQL template.,omit → NOT NULL constraint failed: submission_match_evidence.hmac_key_version; invalid value/combination → CHECK or trigger rejection
G06,dedup_admission,submission_match_evidence,is_primary_rule,INTEGER,no,yes,no,no,0,,no,yes,,No implicit business derivation. Follow the canonical importer or table-specific manual SQL template.,invalid value/combination → CHECK or trigger rejection
G06,dedup_admission,submission_match_evidence,evidence_score,REAL,no,yes,no,no,1.0,,no,yes,,No implicit business derivation. Follow the canonical importer or table-specific manual SQL template.,invalid value/combination → CHECK or trigger rejection
G06,dedup_admission,submission_match_evidence,github_last_name_match,INTEGER,no,no,no,yes,,,no,yes,,No implicit business derivation. Follow the canonical importer or table-specific manual SQL template.,invalid value/combination → CHECK or trigger rejection
G06,dedup_admission,submission_match_evidence,matched_normalized_last_name_hmac,TEXT,no,no,no,yes,,,no,yes,,No implicit business derivation. Follow the canonical importer or table-specific manual SQL template.,invalid value/combination → CHECK or trigger rejection
G06,dedup_admission,submission_match_evidence,evidence_metadata_json,TEXT,no,no,no,yes,,,no,yes,,No implicit business derivation. Follow the canonical importer or table-specific manual SQL template.,invalid value/combination → CHECK or trigger rejection
G06,dedup_admission,submission_match_evidence,created_at,TEXT,no,yes,yes,no,,,no,no,,Canonical importer writes an RFC 3339 UTC timestamp when the business event occurs; do not invent a placeholder time.,omit → NOT NULL constraint failed: submission_match_evidence.created_at
G07,application_core,application,id,INTEGER,yes,no,no,no,,,yes,yes,,Omit on INSERT to let SQLite/D1 allocate the row ID; never guess or reuse an ID.,duplicate protected value → UNIQUE constraint failed; invalid value/combination → CHECK or trigger rejection
G07,application_core,application,application_uuid,TEXT,no,yes,yes,no,,,yes,yes,,Canonical importer generates or validates the stable identifier; manual SQL must provide it unless a table-specific template says otherwise.,omit → NOT NULL constraint failed: application.application_uuid; duplicate protected value → UNIQUE constraint failed; invalid value/combination → CHECK or trigger rejection
G07,application_core,application,person_id,INTEGER,no,yes,yes,no,,person.id ON DELETE RESTRICT,yes,no,,No implicit business derivation. Follow the canonical importer or table-specific manual SQL template.,omit → NOT NULL constraint failed: application.person_id; unknown parent ID → FOREIGN KEY constraint failed; duplicate protected value → UNIQUE constraint failed
G07,application_core,application,company_id,INTEGER,no,yes,yes,no,,company.id ON DELETE RESTRICT,yes,no,,No implicit business derivation. Follow the canonical importer or table-specific manual SQL template.,omit → NOT NULL constraint failed: application.company_id; unknown parent ID → FOREIGN KEY constraint failed; duplicate protected value → UNIQUE constraint failed
G07,application_core,application,company_work_mode_id,INTEGER,no,no,no,yes,,company_work_mode.id ON DELETE RESTRICT,no,no,,No implicit business derivation. Follow the canonical importer or table-specific manual SQL template.,unknown parent ID → FOREIGN KEY constraint failed
G07,application_core,application,position_id,INTEGER,no,yes,yes,no,,position.id ON DELETE RESTRICT,yes,no,,No implicit business derivation. Follow the canonical importer or table-specific manual SQL template.,omit → NOT NULL constraint failed: application.position_id; unknown parent ID → FOREIGN KEY constraint failed; duplicate protected value → UNIQUE constraint failed
G07,application_core,application,current_candidate_snapshot_id,INTEGER,no,no,no,yes,,candidate_snapshot.id ON DELETE SET NULL,no,no,,No implicit business derivation. Follow the canonical importer or table-specific manual SQL template.,unknown parent ID → FOREIGN KEY constraint failed
G07,application_core,application,previous_application_id,INTEGER,no,no,no,yes,,application.id ON DELETE RESTRICT,no,yes,,No implicit business derivation. Follow the canonical importer or table-specific manual SQL template.,unknown parent ID → FOREIGN KEY constraint failed; invalid value/combination → CHECK or trigger rejection
G07,application_core,application,superseded_by_application_id,INTEGER,no,no,no,yes,,application.id ON DELETE RESTRICT,no,yes,,No implicit business derivation. Follow the canonical importer or table-specific manual SQL template.,unknown parent ID → FOREIGN KEY constraint failed; invalid value/combination → CHECK or trigger rejection
G07,application_core,application,hiring_pipeline_id,INTEGER,no,no,no,yes,,pipeline_stage.hiring_pipeline_id ON DELETE RESTRICT | hiring_pipeline.id ON DELETE RESTRICT,yes,yes,,No implicit business derivation. Follow the canonical importer or table-specific manual SQL template.,unknown parent ID → FOREIGN KEY constraint failed; duplicate protected value → UNIQUE constraint failed; invalid value/combination → CHECK or trigger rejection
G07,application_core,application,current_stage_id,INTEGER,no,no,no,yes,,pipeline_stage.id ON DELETE RESTRICT,no,yes,,No implicit business derivation. Follow the canonical importer or table-specific manual SQL template.,unknown parent ID → FOREIGN KEY constraint failed; invalid value/combination → CHECK or trigger rejection
G07,application_core,application,company_name_snapshot,TEXT,no,yes,yes,no,,,no,yes,,No implicit business derivation. Follow the canonical importer or table-specific manual SQL template.,omit → NOT NULL constraint failed: application.company_name_snapshot; invalid value/combination → CHECK or trigger rejection
G07,application_core,application,company_work_mode_name_snapshot,TEXT,no,no,no,yes,,,no,no,,No implicit business derivation. Follow the canonical importer or table-specific manual SQL template.,invalid values may still be rejected by the canonical importer
G07,application_core,application,position_name_snapshot,TEXT,no,yes,yes,no,,,no,yes,,No implicit business derivation. Follow the canonical importer or table-specific manual SQL template.,omit → NOT NULL constraint failed: application.position_name_snapshot; invalid value/combination → CHECK or trigger rejection
G07,application_core,application,requested_start_date,TEXT,no,no,no,yes,,,no,yes,,No implicit business derivation. Follow the canonical importer or table-specific manual SQL template.,invalid value/combination → CHECK or trigger rejection
G07,application_core,application,requested_end_date,TEXT,no,no,no,yes,,,no,no,,No implicit business derivation. Follow the canonical importer or table-specific manual SQL template.,invalid values may still be rejected by the canonical importer
G07,application_core,application,requested_start_year_month,TEXT,no,yes,yes,no,,,yes,yes,,No implicit business derivation. Follow the canonical importer or table-specific manual SQL template.,omit → NOT NULL constraint failed: application.requested_start_year_month; duplicate protected value → UNIQUE constraint failed; invalid value/combination → CHECK or trigger rejection
G07,application_core,application,work_duration,TEXT,no,no,no,yes,,,no,no,,No implicit business derivation. Follow the canonical importer or table-specific manual SQL template.,invalid values may still be rejected by the canonical importer
G07,application_core,application,application_group_key,TEXT,no,yes,yes,no,,,no,yes,,Canonical importer generates or validates the stable identifier; manual SQL must provide it unless a table-specific template says otherwise.,omit → NOT NULL constraint failed: application.application_group_key; invalid value/combination → CHECK or trigger rejection
G07,application_core,application,submission_attempt_number,INTEGER,no,yes,yes,no,,,yes,yes,,No implicit business derivation. Follow the canonical importer or table-specific manual SQL template.,omit → NOT NULL constraint failed: application.submission_attempt_number; duplicate protected value → UNIQUE constraint failed; invalid value/combination → CHECK or trigger rejection
G07,application_core,application,max_submission_attempts_snapshot,INTEGER,no,yes,yes,no,,,no,yes,,No implicit business derivation. Follow the canonical importer or table-specific manual SQL template.,omit → NOT NULL constraint failed: application.max_submission_attempts_snapshot; invalid value/combination → CHECK or trigger rejection
G07,application_core,application,application_lifecycle_status,TEXT,no,yes,no,no,processing,,no,yes,schema_default,New admitted applications begin in processing; later changes require lifecycle commands.,invalid value/combination → CHECK or trigger rejection
G07,application_core,application,application_decision_status,TEXT,no,yes,no,no,pending,,no,yes,schema_default,No hiring decision exists when an application is first published.,invalid value/combination → CHECK or trigger rejection
G07,application_core,application,decision_reason_code,TEXT,no,no,no,yes,,,no,no,,No implicit business derivation. Follow the canonical importer or table-specific manual SQL template.,invalid values may still be rejected by the canonical importer
G07,application_core,application,decision_fence_token,TEXT,no,yes,yes,no,,,no,yes,,No implicit business derivation. Follow the canonical importer or table-specific manual SQL template.,omit → NOT NULL constraint failed: application.decision_fence_token; invalid value/combination → CHECK or trigger rejection
G07,application_core,application,applied_at,TEXT,no,yes,yes,no,,,no,no,,Canonical importer writes an RFC 3339 UTC timestamp when the business event occurs; do not invent a placeholder time.,omit → NOT NULL constraint failed: application.applied_at
G07,application_core,application,current_stage_entered_at,TEXT,no,no,no,yes,,,no,no,,Canonical importer writes an RFC 3339 UTC timestamp when the business event occurs; do not invent a placeholder time.,invalid values may still be rejected by the canonical importer
G07,application_core,application,decided_at,TEXT,no,no,no,yes,,,no,yes,,Canonical importer writes an RFC 3339 UTC timestamp when the business event occurs; do not invent a placeholder time.,invalid value/combination → CHECK or trigger rejection
G07,application_core,application,completed_at,TEXT,no,no,no,yes,,,no,yes,,Canonical importer writes an RFC 3339 UTC timestamp when the business event occurs; do not invent a placeholder time.,invalid value/combination → CHECK or trigger rejection
G07,application_core,application,superseded_at,TEXT,no,no,no,yes,,,no,yes,,Canonical importer writes an RFC 3339 UTC timestamp when the business event occurs; do not invent a placeholder time.,invalid value/combination → CHECK or trigger rejection
G07,application_core,application,cancelled_at,TEXT,no,no,no,yes,,,no,yes,,Canonical importer writes an RFC 3339 UTC timestamp when the business event occurs; do not invent a placeholder time.,invalid value/combination → CHECK or trigger rejection
G07,application_core,application,created_at,TEXT,no,yes,yes,no,,,no,no,,Canonical importer writes an RFC 3339 UTC timestamp when the business event occurs; do not invent a placeholder time.,omit → NOT NULL constraint failed: application.created_at
G07,application_core,application,updated_at,TEXT,no,yes,yes,no,,,no,no,,Canonical importer writes an RFC 3339 UTC timestamp when the business event occurs; do not invent a placeholder time.,omit → NOT NULL constraint failed: application.updated_at
G07,application_core,application_source_lineage,id,INTEGER,yes,no,no,no,,,no,no,,Omit on INSERT to let SQLite/D1 allocate the row ID; never guess or reuse an ID.,invalid values may still be rejected by the canonical importer
G07,application_core,application_source_lineage,application_id,INTEGER,no,yes,yes,no,,application.id ON DELETE RESTRICT,yes,no,,No implicit business derivation. Follow the canonical importer or table-specific manual SQL template.,omit → NOT NULL constraint failed: application_source_lineage.application_id; unknown parent ID → FOREIGN KEY constraint failed; duplicate protected value → UNIQUE constraint failed
G07,application_core,application_source_lineage,source_submission_normalized_id,INTEGER,no,yes,yes,no,,,yes,no,,No implicit business derivation. Follow the canonical importer or table-specific manual SQL template.,omit → NOT NULL constraint failed: application_source_lineage.source_submission_normalized_id; duplicate protected value → UNIQUE constraint failed
G07,application_core,application_source_lineage,source_raw_submission_id,INTEGER,no,yes,yes,no,,,no,no,,No implicit business derivation. Follow the canonical importer or table-specific manual SQL template.,omit → NOT NULL constraint failed: application_source_lineage.source_raw_submission_id
G07,application_core,application_source_lineage,source_dedup_run_id,INTEGER,no,yes,yes,no,,,no,no,,No implicit business derivation. Follow the canonical importer or table-specific manual SQL template.,omit → NOT NULL constraint failed: application_source_lineage.source_dedup_run_id
G07,application_core,application_source_lineage,source_resume_extraction_id,INTEGER,no,yes,yes,no,,,no,no,,No implicit business derivation. Follow the canonical importer or table-specific manual SQL template.,omit → NOT NULL constraint failed: application_source_lineage.source_resume_extraction_id
G07,application_core,application_source_lineage,relation_role,TEXT,no,yes,yes,no,,,yes,yes,,No implicit business derivation. Follow the canonical importer or table-specific manual SQL template.,omit → NOT NULL constraint failed: application_source_lineage.relation_role; duplicate protected value → UNIQUE constraint failed; invalid value/combination → CHECK or trigger rejection
G07,application_core,application_source_lineage,source_snapshot_sha256,TEXT,no,yes,yes,no,,,no,yes,,No implicit business derivation. Follow the canonical importer or table-specific manual SQL template.,omit → NOT NULL constraint failed: application_source_lineage.source_snapshot_sha256; invalid value/combination → CHECK or trigger rejection
G07,application_core,application_source_lineage,linked_at,TEXT,no,yes,yes,no,,,no,no,,Canonical importer writes an RFC 3339 UTC timestamp when the business event occurs; do not invent a placeholder time.,omit → NOT NULL constraint failed: application_source_lineage.linked_at
G07,application_core,application_source_lineage,created_at,TEXT,no,yes,yes,no,,,no,no,,Canonical importer writes an RFC 3339 UTC timestamp when the business event occurs; do not invent a placeholder time.,omit → NOT NULL constraint failed: application_source_lineage.created_at
G07,application_core,candidate_snapshot,id,INTEGER,yes,no,no,no,,,yes,no,,Omit on INSERT to let SQLite/D1 allocate the row ID; never guess or reuse an ID.,duplicate protected value → UNIQUE constraint failed
G07,application_core,candidate_snapshot,candidate_snapshot_uuid,TEXT,no,yes,yes,no,,,yes,yes,,Canonical importer generates or validates the stable identifier; manual SQL must provide it unless a table-specific template says otherwise.,omit → NOT NULL constraint failed: candidate_snapshot.candidate_snapshot_uuid; duplicate protected value → UNIQUE constraint failed; invalid value/combination → CHECK or trigger rejection
G07,application_core,candidate_snapshot,application_id,INTEGER,no,yes,yes,no,,application.id ON DELETE RESTRICT,yes,no,,No implicit business derivation. Follow the canonical importer or table-specific manual SQL template.,omit → NOT NULL constraint failed: candidate_snapshot.application_id; unknown parent ID → FOREIGN KEY constraint failed; duplicate protected value → UNIQUE constraint failed
G07,application_core,candidate_snapshot,person_id,INTEGER,no,yes,yes,no,,person.id ON DELETE RESTRICT | application.person_id ON DELETE RESTRICT,yes,no,,No implicit business derivation. Follow the canonical importer or table-specific manual SQL template.,omit → NOT NULL constraint failed: candidate_snapshot.person_id; unknown parent ID → FOREIGN KEY constraint failed; duplicate protected value → UNIQUE constraint failed
G07,application_core,candidate_snapshot,snapshot_status,TEXT,no,yes,no,no,core_published,,no,yes,schema_default,Workflow A publishes the minimum candidate core before Workflow B enrichment.,invalid value/combination → CHECK or trigger rejection
G07,application_core,candidate_snapshot,normalized_person_name,TEXT,no,yes,yes,no,,,no,yes,,Canonical importer must normalize the source value before INSERT; manual SQL must provide the reviewed normalized value.,omit → NOT NULL constraint failed: candidate_snapshot.normalized_person_name; invalid value/combination → CHECK or trigger rejection
G07,application_core,candidate_snapshot,normalized_first_name,TEXT,no,no,no,yes,,,no,no,,Canonical importer must normalize the source value before INSERT; manual SQL must provide the reviewed normalized value.,invalid values may still be rejected by the canonical importer
G07,application_core,candidate_snapshot,normalized_middle_name,TEXT,no,no,no,yes,,,no,no,,Canonical importer must normalize the source value before INSERT; manual SQL must provide the reviewed normalized value.,invalid values may still be rejected by the canonical importer
G07,application_core,candidate_snapshot,normalized_last_name,TEXT,no,no,no,yes,,,no,no,,Canonical importer must normalize the source value before INSERT; manual SQL must provide the reviewed normalized value.,invalid values may still be rejected by the canonical importer
G07,application_core,candidate_snapshot,normalized_email_address,TEXT,no,yes,yes,no,,,no,yes,,Canonical importer must normalize the source value before INSERT; manual SQL must provide the reviewed normalized value.,omit → NOT NULL constraint failed: candidate_snapshot.normalized_email_address; invalid value/combination → CHECK or trigger rejection
G07,application_core,candidate_snapshot,normalized_phone,TEXT,no,no,no,yes,,,no,no,,Canonical importer must normalize the source value before INSERT; manual SQL must provide the reviewed normalized value.,invalid values may still be rejected by the canonical importer
G07,application_core,candidate_snapshot,normalized_linkedin_url,TEXT,no,no,no,yes,,,no,no,,Canonical importer must normalize the source value before INSERT; manual SQL must provide the reviewed normalized value.,invalid values may still be rejected by the canonical importer
G07,application_core,candidate_snapshot,normalized_github_url,TEXT,no,no,no,yes,,,no,no,,Canonical importer must normalize the source value before INSERT; manual SQL must provide the reviewed normalized value.,invalid values may still be rejected by the canonical importer
G07,application_core,candidate_snapshot,source_resume_text_sha256,TEXT,no,yes,yes,no,,,no,yes,,No implicit business derivation. Follow the canonical importer or table-specific manual SQL template.,omit → NOT NULL constraint failed: candidate_snapshot.source_resume_text_sha256; invalid value/combination → CHECK or trigger rejection
G07,application_core,candidate_snapshot,source_extraction_version,TEXT,no,yes,yes,no,,,no,yes,,No implicit business derivation. Follow the canonical importer or table-specific manual SQL template.,omit → NOT NULL constraint failed: candidate_snapshot.source_extraction_version; invalid value/combination → CHECK or trigger rejection
G07,application_core,candidate_snapshot,profile_snapshot_sha256,TEXT,no,yes,yes,no,,,no,yes,,No implicit business derivation. Follow the canonical importer or table-specific manual SQL template.,omit → NOT NULL constraint failed: candidate_snapshot.profile_snapshot_sha256; invalid value/combination → CHECK or trigger rejection
G07,application_core,candidate_snapshot,snapshot_created_at,TEXT,no,yes,yes,no,,,no,no,,Canonical importer writes an RFC 3339 UTC timestamp when the business event occurs; do not invent a placeholder time.,omit → NOT NULL constraint failed: candidate_snapshot.snapshot_created_at
G07,application_core,candidate_snapshot,enrichment_completed_at,TEXT,no,no,no,yes,,,no,yes,,Canonical importer writes an RFC 3339 UTC timestamp when the business event occurs; do not invent a placeholder time.,invalid value/combination → CHECK or trigger rejection
G07,application_core,candidate_snapshot,superseded_at,TEXT,no,no,no,yes,,,no,yes,,Canonical importer writes an RFC 3339 UTC timestamp when the business event occurs; do not invent a placeholder time.,invalid value/combination → CHECK or trigger rejection
G07,application_core,candidate_snapshot,cancelled_at,TEXT,no,no,no,yes,,,no,yes,,Canonical importer writes an RFC 3339 UTC timestamp when the business event occurs; do not invent a placeholder time.,invalid value/combination → CHECK or trigger rejection
G07,application_core,candidate_snapshot,created_at,TEXT,no,yes,yes,no,,,no,no,,Canonical importer writes an RFC 3339 UTC timestamp when the business event occurs; do not invent a placeholder time.,omit → NOT NULL constraint failed: candidate_snapshot.created_at
G07,application_core,candidate_snapshot,updated_at,TEXT,no,yes,yes,no,,,no,no,,Canonical importer writes an RFC 3339 UTC timestamp when the business event occurs; do not invent a placeholder time.,omit → NOT NULL constraint failed: candidate_snapshot.updated_at
G07,application_core,person,id,INTEGER,yes,no,no,no,,,no,yes,,Omit on INSERT to let SQLite/D1 allocate the row ID; never guess or reuse an ID.,invalid value/combination → CHECK or trigger rejection
G07,application_core,person,person_uuid,TEXT,no,yes,yes,no,,,yes,yes,,Canonical importer generates or validates the stable identifier; manual SQL must provide it unless a table-specific template says otherwise.,omit → NOT NULL constraint failed: person.person_uuid; duplicate protected value → UNIQUE constraint failed; invalid value/combination → CHECK or trigger rejection
G07,application_core,person,normalized_person_name,TEXT,no,yes,yes,no,,,no,yes,,Canonical importer must normalize the source value before INSERT; manual SQL must provide the reviewed normalized value.,omit → NOT NULL constraint failed: person.normalized_person_name; invalid value/combination → CHECK or trigger rejection
G07,application_core,person,normalized_first_name,TEXT,no,no,no,yes,,,no,no,,Canonical importer must normalize the source value before INSERT; manual SQL must provide the reviewed normalized value.,invalid values may still be rejected by the canonical importer
G07,application_core,person,normalized_middle_name,TEXT,no,no,no,yes,,,no,no,,Canonical importer must normalize the source value before INSERT; manual SQL must provide the reviewed normalized value.,invalid values may still be rejected by the canonical importer
G07,application_core,person,normalized_last_name,TEXT,no,no,no,yes,,,no,no,,Canonical importer must normalize the source value before INSERT; manual SQL must provide the reviewed normalized value.,invalid values may still be rejected by the canonical importer
G07,application_core,person,normalized_email_address,TEXT,no,yes,yes,no,,,yes,yes,,Canonical importer must normalize the source value before INSERT; manual SQL must provide the reviewed normalized value.,omit → NOT NULL constraint failed: person.normalized_email_address; duplicate protected value → UNIQUE constraint failed; invalid value/combination → CHECK or trigger rejection
G07,application_core,person,normalized_phone,TEXT,no,no,no,yes,,,no,no,,Canonical importer must normalize the source value before INSERT; manual SQL must provide the reviewed normalized value.,invalid values may still be rejected by the canonical importer
G07,application_core,person,person_status,TEXT,no,yes,no,no,active,,no,yes,schema_default,A newly created canonical person is active unless later merged or retired.,invalid value/combination → CHECK or trigger rejection
G07,application_core,person,merged_into_person_id,INTEGER,no,no,no,yes,,person.id ON DELETE RESTRICT,no,yes,,No implicit business derivation. Follow the canonical importer or table-specific manual SQL template.,unknown parent ID → FOREIGN KEY constraint failed; invalid value/combination → CHECK or trigger rejection
G07,application_core,person,current_application_id,INTEGER,no,no,no,yes,,application.id ON DELETE SET NULL,no,no,,No implicit business derivation. Follow the canonical importer or table-specific manual SQL template.,unknown parent ID → FOREIGN KEY constraint failed
G07,application_core,person,current_candidate_snapshot_id,INTEGER,no,no,no,yes,,candidate_snapshot.id ON DELETE SET NULL,no,no,,No implicit business derivation. Follow the canonical importer or table-specific manual SQL template.,unknown parent ID → FOREIGN KEY constraint failed
G07,application_core,person,highest_person_education_id,INTEGER,no,no,no,yes,,person_education.id ON DELETE SET NULL,no,no,,No implicit business derivation. Follow the canonical importer or table-specific manual SQL template.,unknown parent ID → FOREIGN KEY constraint failed
G07,application_core,person,current_person_position_id,INTEGER,no,no,no,yes,,person_position.id ON DELETE SET NULL,no,no,,No implicit business derivation. Follow the canonical importer or table-specific manual SQL template.,unknown parent ID → FOREIGN KEY constraint failed
G07,application_core,person,created_at,TEXT,no,yes,yes,no,,,no,no,,Canonical importer writes an RFC 3339 UTC timestamp when the business event occurs; do not invent a placeholder time.,omit → NOT NULL constraint failed: person.created_at
G07,application_core,person,updated_at,TEXT,no,yes,yes,no,,,no,no,,Canonical importer writes an RFC 3339 UTC timestamp when the business event occurs; do not invent a placeholder time.,omit → NOT NULL constraint failed: person.updated_at
G07,application_core,person_contact,id,INTEGER,yes,no,no,no,,,no,no,,Omit on INSERT to let SQLite/D1 allocate the row ID; never guess or reuse an ID.,invalid values may still be rejected by the canonical importer
G07,application_core,person_contact,person_id,INTEGER,no,yes,yes,no,,person.id ON DELETE CASCADE,yes,no,,No implicit business derivation. Follow the canonical importer or table-specific manual SQL template.,omit → NOT NULL constraint failed: person_contact.person_id; unknown parent ID → FOREIGN KEY constraint failed; duplicate protected value → UNIQUE constraint failed
G07,application_core,person_contact,contact_type_id,INTEGER,no,yes,yes,no,,contact_type.id ON DELETE RESTRICT,yes,no,,No implicit business derivation. Follow the canonical importer or table-specific manual SQL template.,omit → NOT NULL constraint failed: person_contact.contact_type_id; unknown parent ID → FOREIGN KEY constraint failed; duplicate protected value → UNIQUE constraint failed
G07,application_core,person_contact,source_candidate_snapshot_id,INTEGER,no,no,no,yes,,candidate_snapshot.id ON DELETE SET NULL,no,no,,No implicit business derivation. Follow the canonical importer or table-specific manual SQL template.,unknown parent ID → FOREIGN KEY constraint failed
G07,application_core,person_contact,normalized_contact_value,TEXT,no,yes,yes,no,,,no,yes,,Canonical importer must normalize the source value before INSERT; manual SQL must provide the reviewed normalized value.,omit → NOT NULL constraint failed: person_contact.normalized_contact_value; invalid value/combination → CHECK or trigger rejection
G07,application_core,person_contact,contact_value_hmac,TEXT,no,yes,yes,no,,,yes,yes,,No implicit business derivation. Follow the canonical importer or table-specific manual SQL template.,omit → NOT NULL constraint failed: person_contact.contact_value_hmac; duplicate protected value → UNIQUE constraint failed; invalid value/combination → CHECK or trigger rejection
G07,application_core,person_contact,hmac_key_version,TEXT,no,yes,yes,no,,,no,yes,,No implicit business derivation. Follow the canonical importer or table-specific manual SQL template.,omit → NOT NULL constraint failed: person_contact.hmac_key_version; invalid value/combination → CHECK or trigger rejection
G07,application_core,person_contact,is_primary,INTEGER,no,yes,no,no,0,,no,yes,,No implicit business derivation. Follow the canonical importer or table-specific manual SQL template.,invalid value/combination → CHECK or trigger rejection
G07,application_core,person_contact,is_verified,INTEGER,no,yes,no,no,0,,no,yes,,No implicit business derivation. Follow the canonical importer or table-specific manual SQL template.,invalid value/combination → CHECK or trigger rejection
G07,application_core,person_contact,first_seen_at,TEXT,no,yes,yes,no,,,no,no,,Canonical importer writes an RFC 3339 UTC timestamp when the business event occurs; do not invent a placeholder time.,omit → NOT NULL constraint failed: person_contact.first_seen_at
G07,application_core,person_contact,last_seen_at,TEXT,no,yes,yes,no,,,no,no,,Canonical importer writes an RFC 3339 UTC timestamp when the business event occurs; do not invent a placeholder time.,omit → NOT NULL constraint failed: person_contact.last_seen_at
G07,application_core,person_contact,created_at,TEXT,no,yes,yes,no,,,no,no,,Canonical importer writes an RFC 3339 UTC timestamp when the business event occurs; do not invent a placeholder time.,omit → NOT NULL constraint failed: person_contact.created_at
G07,application_core,person_contact,updated_at,TEXT,no,yes,yes,no,,,no,no,,Canonical importer writes an RFC 3339 UTC timestamp when the business event occurs; do not invent a placeholder time.,omit → NOT NULL constraint failed: person_contact.updated_at
G07,application_core,person_link,id,INTEGER,yes,no,no,no,,,no,no,,Omit on INSERT to let SQLite/D1 allocate the row ID; never guess or reuse an ID.,invalid values may still be rejected by the canonical importer
G07,application_core,person_link,person_id,INTEGER,no,yes,yes,no,,person.id ON DELETE CASCADE,yes,no,,No implicit business derivation. Follow the canonical importer or table-specific manual SQL template.,omit → NOT NULL constraint failed: person_link.person_id; unknown parent ID → FOREIGN KEY constraint failed; duplicate protected value → UNIQUE constraint failed
G07,application_core,person_link,source_candidate_snapshot_id,INTEGER,no,no,no,yes,,candidate_snapshot.id ON DELETE SET NULL,no,no,,No implicit business derivation. Follow the canonical importer or table-specific manual SQL template.,unknown parent ID → FOREIGN KEY constraint failed
G07,application_core,person_link,link_type,TEXT,no,yes,yes,no,,,yes,yes,,No implicit business derivation. Follow the canonical importer or table-specific manual SQL template.,omit → NOT NULL constraint failed: person_link.link_type; duplicate protected value → UNIQUE constraint failed; invalid value/combination → CHECK or trigger rejection
G07,application_core,person_link,normalized_url,TEXT,no,yes,yes,no,,,no,yes,,Canonical importer must normalize the source value before INSERT; manual SQL must provide the reviewed normalized value.,omit → NOT NULL constraint failed: person_link.normalized_url; invalid value/combination → CHECK or trigger rejection
G07,application_core,person_link,normalized_url_hmac,TEXT,no,yes,yes,no,,,yes,yes,,Canonical importer must normalize the source value before INSERT; manual SQL must provide the reviewed normalized value.,omit → NOT NULL constraint failed: person_link.normalized_url_hmac; duplicate protected value → UNIQUE constraint failed; invalid value/combination → CHECK or trigger rejection
G07,application_core,person_link,hmac_key_version,TEXT,no,yes,yes,no,,,no,yes,,No implicit business derivation. Follow the canonical importer or table-specific manual SQL template.,omit → NOT NULL constraint failed: person_link.hmac_key_version; invalid value/combination → CHECK or trigger rejection
G07,application_core,person_link,account_handle,TEXT,no,no,no,yes,,,no,no,,No implicit business derivation. Follow the canonical importer or table-specific manual SQL template.,invalid values may still be rejected by the canonical importer
G07,application_core,person_link,is_primary,INTEGER,no,yes,no,no,0,,no,yes,,No implicit business derivation. Follow the canonical importer or table-specific manual SQL template.,invalid value/combination → CHECK or trigger rejection
G07,application_core,person_link,first_seen_at,TEXT,no,yes,yes,no,,,no,no,,Canonical importer writes an RFC 3339 UTC timestamp when the business event occurs; do not invent a placeholder time.,omit → NOT NULL constraint failed: person_link.first_seen_at
G07,application_core,person_link,last_seen_at,TEXT,no,yes,yes,no,,,no,no,,Canonical importer writes an RFC 3339 UTC timestamp when the business event occurs; do not invent a placeholder time.,omit → NOT NULL constraint failed: person_link.last_seen_at
G07,application_core,person_link,created_at,TEXT,no,yes,yes,no,,,no,no,,Canonical importer writes an RFC 3339 UTC timestamp when the business event occurs; do not invent a placeholder time.,omit → NOT NULL constraint failed: person_link.created_at
G07,application_core,person_link,updated_at,TEXT,no,yes,yes,no,,,no,no,,Canonical importer writes an RFC 3339 UTC timestamp when the business event occurs; do not invent a placeholder time.,omit → NOT NULL constraint failed: person_link.updated_at
G07,application_core,person_name,id,INTEGER,yes,no,no,no,,,no,no,,Omit on INSERT to let SQLite/D1 allocate the row ID; never guess or reuse an ID.,invalid values may still be rejected by the canonical importer
G07,application_core,person_name,person_id,INTEGER,no,yes,yes,no,,person.id ON DELETE CASCADE,yes,no,,No implicit business derivation. Follow the canonical importer or table-specific manual SQL template.,omit → NOT NULL constraint failed: person_name.person_id; unknown parent ID → FOREIGN KEY constraint failed; duplicate protected value → UNIQUE constraint failed
G07,application_core,person_name,source_candidate_snapshot_id,INTEGER,no,no,no,yes,,candidate_snapshot.id ON DELETE SET NULL,no,no,,No implicit business derivation. Follow the canonical importer or table-specific manual SQL template.,unknown parent ID → FOREIGN KEY constraint failed
G07,application_core,person_name,display_name,TEXT,no,yes,yes,no,,,no,yes,,No implicit business derivation. Follow the canonical importer or table-specific manual SQL template.,omit → NOT NULL constraint failed: person_name.display_name; invalid value/combination → CHECK or trigger rejection
G07,application_core,person_name,normalized_name,TEXT,no,yes,yes,no,,,yes,yes,,Canonical importer must normalize the source value before INSERT; manual SQL must provide the reviewed normalized value.,omit → NOT NULL constraint failed: person_name.normalized_name; duplicate protected value → UNIQUE constraint failed; invalid value/combination → CHECK or trigger rejection
G07,application_core,person_name,name_source,TEXT,no,yes,yes,no,,,no,yes,,No implicit business derivation. Follow the canonical importer or table-specific manual SQL template.,omit → NOT NULL constraint failed: person_name.name_source; invalid value/combination → CHECK or trigger rejection
G07,application_core,person_name,is_primary,INTEGER,no,yes,no,no,0,,no,yes,,No implicit business derivation. Follow the canonical importer or table-specific manual SQL template.,invalid value/combination → CHECK or trigger rejection
G07,application_core,person_name,first_seen_at,TEXT,no,yes,yes,no,,,no,no,,Canonical importer writes an RFC 3339 UTC timestamp when the business event occurs; do not invent a placeholder time.,omit → NOT NULL constraint failed: person_name.first_seen_at
G07,application_core,person_name,last_seen_at,TEXT,no,yes,yes,no,,,no,no,,Canonical importer writes an RFC 3339 UTC timestamp when the business event occurs; do not invent a placeholder time.,omit → NOT NULL constraint failed: person_name.last_seen_at
G07,application_core,person_name,created_at,TEXT,no,yes,yes,no,,,no,no,,Canonical importer writes an RFC 3339 UTC timestamp when the business event occurs; do not invent a placeholder time.,omit → NOT NULL constraint failed: person_name.created_at
G07,application_core,person_name,updated_at,TEXT,no,yes,yes,no,,,no,no,,Canonical importer writes an RFC 3339 UTC timestamp when the business event occurs; do not invent a placeholder time.,omit → NOT NULL constraint failed: person_name.updated_at
G08,candidate_profile,candidate_certification,id,INTEGER,yes,no,no,no,,,no,no,,Omit on INSERT to let SQLite/D1 allocate the row ID; never guess or reuse an ID.,invalid values may still be rejected by the canonical importer
G08,candidate_profile,candidate_certification,candidate_snapshot_id,INTEGER,no,yes,yes,no,,candidate_snapshot.id ON DELETE RESTRICT,yes,no,,No implicit business derivation. Follow the canonical importer or table-specific manual SQL template.,omit → NOT NULL constraint failed: candidate_certification.candidate_snapshot_id; unknown parent ID → FOREIGN KEY constraint failed; duplicate protected value → UNIQUE constraint failed
G08,candidate_profile,candidate_certification,person_id,INTEGER,no,yes,yes,no,,person_certification.person_id ON DELETE RESTRICT | candidate_snapshot.person_id ON DELETE RESTRICT,no,no,,No implicit business derivation. Follow the canonical importer or table-specific manual SQL template.,omit → NOT NULL constraint failed: candidate_certification.person_id; unknown parent ID → FOREIGN KEY constraint failed
G08,candidate_profile,candidate_certification,person_certification_id,INTEGER,no,yes,yes,no,,person_certification.id ON DELETE RESTRICT,yes,no,,No implicit business derivation. Follow the canonical importer or table-specific manual SQL template.,omit → NOT NULL constraint failed: candidate_certification.person_certification_id; unknown parent ID → FOREIGN KEY constraint failed; duplicate protected value → UNIQUE constraint failed
G08,candidate_profile,candidate_certification,certification_status_snapshot,TEXT,no,yes,yes,no,,,no,yes,,No implicit business derivation. Follow the canonical importer or table-specific manual SQL template.,omit → NOT NULL constraint failed: candidate_certification.certification_status_snapshot; invalid value/combination → CHECK or trigger rejection
G08,candidate_profile,candidate_certification,issued_at_snapshot,TEXT,no,no,no,yes,,,no,no,,No implicit business derivation. Follow the canonical importer or table-specific manual SQL template.,invalid values may still be rejected by the canonical importer
G08,candidate_profile,candidate_certification,expires_at_snapshot,TEXT,no,no,no,yes,,,no,no,,No implicit business derivation. Follow the canonical importer or table-specific manual SQL template.,invalid values may still be rejected by the canonical importer
G08,candidate_profile,candidate_certification,created_at,TEXT,no,yes,yes,no,,,no,no,,Canonical importer writes an RFC 3339 UTC timestamp when the business event occurs; do not invent a placeholder time.,omit → NOT NULL constraint failed: candidate_certification.created_at
G08,candidate_profile,candidate_education,id,INTEGER,yes,no,no,no,,,no,no,,Omit on INSERT to let SQLite/D1 allocate the row ID; never guess or reuse an ID.,invalid values may still be rejected by the canonical importer
G08,candidate_profile,candidate_education,candidate_snapshot_id,INTEGER,no,yes,yes,no,,candidate_snapshot.id ON DELETE RESTRICT,yes,no,,No implicit business derivation. Follow the canonical importer or table-specific manual SQL template.,omit → NOT NULL constraint failed: candidate_education.candidate_snapshot_id; unknown parent ID → FOREIGN KEY constraint failed; duplicate protected value → UNIQUE constraint failed
G08,candidate_profile,candidate_education,person_id,INTEGER,no,yes,yes,no,,person_education.person_id ON DELETE RESTRICT | candidate_snapshot.person_id ON DELETE RESTRICT,no,no,,No implicit business derivation. Follow the canonical importer or table-specific manual SQL template.,omit → NOT NULL constraint failed: candidate_education.person_id; unknown parent ID → FOREIGN KEY constraint failed
G08,candidate_profile,candidate_education,person_education_id,INTEGER,no,yes,yes,no,,person_education.id ON DELETE RESTRICT,yes,no,,No implicit business derivation. Follow the canonical importer or table-specific manual SQL template.,omit → NOT NULL constraint failed: candidate_education.person_education_id; unknown parent ID → FOREIGN KEY constraint failed; duplicate protected value → UNIQUE constraint failed
G08,candidate_profile,candidate_education,source_resume_education_id,INTEGER,no,yes,yes,no,,,yes,no,,No implicit business derivation. Follow the canonical importer or table-specific manual SQL template.,omit → NOT NULL constraint failed: candidate_education.source_resume_education_id; duplicate protected value → UNIQUE constraint failed
G08,candidate_profile,candidate_education,source_entry_order,INTEGER,no,yes,yes,no,,,no,yes,,No implicit business derivation. Follow the canonical importer or table-specific manual SQL template.,omit → NOT NULL constraint failed: candidate_education.source_entry_order; invalid value/combination → CHECK or trigger rejection
G08,candidate_profile,candidate_education,is_highest_degree,INTEGER,no,yes,no,no,0,,no,yes,,No implicit business derivation. Follow the canonical importer or table-specific manual SQL template.,invalid value/combination → CHECK or trigger rejection
G08,candidate_profile,candidate_education,created_at,TEXT,no,yes,yes,no,,,no,no,,Canonical importer writes an RFC 3339 UTC timestamp when the business event occurs; do not invent a placeholder time.,omit → NOT NULL constraint failed: candidate_education.created_at
G08,candidate_profile,candidate_position,id,INTEGER,yes,no,no,no,,,no,no,,Omit on INSERT to let SQLite/D1 allocate the row ID; never guess or reuse an ID.,invalid values may still be rejected by the canonical importer
G08,candidate_profile,candidate_position,candidate_snapshot_id,INTEGER,no,yes,yes,no,,candidate_snapshot.id ON DELETE RESTRICT,yes,no,,No implicit business derivation. Follow the canonical importer or table-specific manual SQL template.,omit → NOT NULL constraint failed: candidate_position.candidate_snapshot_id; unknown parent ID → FOREIGN KEY constraint failed; duplicate protected value → UNIQUE constraint failed
G08,candidate_profile,candidate_position,person_id,INTEGER,no,yes,yes,no,,person_position.person_id ON DELETE RESTRICT | candidate_snapshot.person_id ON DELETE RESTRICT,no,no,,No implicit business derivation. Follow the canonical importer or table-specific manual SQL template.,omit → NOT NULL constraint failed: candidate_position.person_id; unknown parent ID → FOREIGN KEY constraint failed
G08,candidate_profile,candidate_position,person_position_id,INTEGER,no,yes,yes,no,,person_position.id ON DELETE RESTRICT,yes,no,,No implicit business derivation. Follow the canonical importer or table-specific manual SQL template.,omit → NOT NULL constraint failed: candidate_position.person_position_id; unknown parent ID → FOREIGN KEY constraint failed; duplicate protected value → UNIQUE constraint failed
G08,candidate_profile,candidate_position,source_resume_employment_id,INTEGER,no,yes,yes,no,,,yes,no,,No implicit business derivation. Follow the canonical importer or table-specific manual SQL template.,omit → NOT NULL constraint failed: candidate_position.source_resume_employment_id; duplicate protected value → UNIQUE constraint failed
G08,candidate_profile,candidate_position,source_entry_order,INTEGER,no,yes,yes,no,,,no,yes,,No implicit business derivation. Follow the canonical importer or table-specific manual SQL template.,omit → NOT NULL constraint failed: candidate_position.source_entry_order; invalid value/combination → CHECK or trigger rejection
G08,candidate_profile,candidate_position,is_current_at_snapshot,INTEGER,no,no,no,yes,,,no,yes,,No implicit business derivation. Follow the canonical importer or table-specific manual SQL template.,invalid value/combination → CHECK or trigger rejection
G08,candidate_profile,candidate_position,is_primary_current_position,INTEGER,no,yes,no,no,0,,no,yes,,No implicit business derivation. Follow the canonical importer or table-specific manual SQL template.,invalid value/combination → CHECK or trigger rejection
G08,candidate_profile,candidate_position,created_at,TEXT,no,yes,yes,no,,,no,no,,Canonical importer writes an RFC 3339 UTC timestamp when the business event occurs; do not invent a placeholder time.,omit → NOT NULL constraint failed: candidate_position.created_at
G08,candidate_profile,candidate_project,id,INTEGER,yes,no,no,no,,,no,no,,Omit on INSERT to let SQLite/D1 allocate the row ID; never guess or reuse an ID.,invalid values may still be rejected by the canonical importer
G08,candidate_profile,candidate_project,candidate_snapshot_id,INTEGER,no,yes,yes,no,,candidate_snapshot.id ON DELETE RESTRICT,yes,no,,No implicit business derivation. Follow the canonical importer or table-specific manual SQL template.,omit → NOT NULL constraint failed: candidate_project.candidate_snapshot_id; unknown parent ID → FOREIGN KEY constraint failed; duplicate protected value → UNIQUE constraint failed
G08,candidate_profile,candidate_project,person_id,INTEGER,no,yes,yes,no,,person_project.person_id ON DELETE RESTRICT | candidate_snapshot.person_id ON DELETE RESTRICT,no,no,,No implicit business derivation. Follow the canonical importer or table-specific manual SQL template.,omit → NOT NULL constraint failed: candidate_project.person_id; unknown parent ID → FOREIGN KEY constraint failed
G08,candidate_profile,candidate_project,person_project_id,INTEGER,no,yes,yes,no,,person_project.id ON DELETE RESTRICT,yes,no,,No implicit business derivation. Follow the canonical importer or table-specific manual SQL template.,omit → NOT NULL constraint failed: candidate_project.person_project_id; unknown parent ID → FOREIGN KEY constraint failed; duplicate protected value → UNIQUE constraint failed
G08,candidate_profile,candidate_project,source_resume_project_id,INTEGER,no,yes,yes,no,,,yes,no,,No implicit business derivation. Follow the canonical importer or table-specific manual SQL template.,omit → NOT NULL constraint failed: candidate_project.source_resume_project_id; duplicate protected value → UNIQUE constraint failed
G08,candidate_profile,candidate_project,source_entry_order,INTEGER,no,yes,yes,no,,,no,yes,,No implicit business derivation. Follow the canonical importer or table-specific manual SQL template.,omit → NOT NULL constraint failed: candidate_project.source_entry_order; invalid value/combination → CHECK or trigger rejection
G08,candidate_profile,candidate_project,created_at,TEXT,no,yes,yes,no,,,no,no,,Canonical importer writes an RFC 3339 UTC timestamp when the business event occurs; do not invent a placeholder time.,omit → NOT NULL constraint failed: candidate_project.created_at
G08,candidate_profile,candidate_skill,id,INTEGER,yes,no,no,no,,,no,no,,Omit on INSERT to let SQLite/D1 allocate the row ID; never guess or reuse an ID.,invalid values may still be rejected by the canonical importer
G08,candidate_profile,candidate_skill,candidate_snapshot_id,INTEGER,no,yes,yes,no,,candidate_snapshot.id ON DELETE RESTRICT,yes,no,,No implicit business derivation. Follow the canonical importer or table-specific manual SQL template.,omit → NOT NULL constraint failed: candidate_skill.candidate_snapshot_id; unknown parent ID → FOREIGN KEY constraint failed; duplicate protected value → UNIQUE constraint failed
G08,candidate_profile,candidate_skill,person_id,INTEGER,no,yes,yes,no,,person_skill.person_id ON DELETE RESTRICT | candidate_snapshot.person_id ON DELETE RESTRICT,no,no,,No implicit business derivation. Follow the canonical importer or table-specific manual SQL template.,omit → NOT NULL constraint failed: candidate_skill.person_id; unknown parent ID → FOREIGN KEY constraint failed
G08,candidate_profile,candidate_skill,person_skill_id,INTEGER,no,yes,yes,no,,person_skill.id ON DELETE RESTRICT,yes,no,,No implicit business derivation. Follow the canonical importer or table-specific manual SQL template.,omit → NOT NULL constraint failed: candidate_skill.person_skill_id; unknown parent ID → FOREIGN KEY constraint failed; duplicate protected value → UNIQUE constraint failed
G08,candidate_profile,candidate_skill,source_resume_skill_id,INTEGER,no,yes,yes,no,,,yes,no,,No implicit business derivation. Follow the canonical importer or table-specific manual SQL template.,omit → NOT NULL constraint failed: candidate_skill.source_resume_skill_id; duplicate protected value → UNIQUE constraint failed
G08,candidate_profile,candidate_skill,raw_skill_text,TEXT,no,yes,yes,no,,,no,yes,,No implicit business derivation. Follow the canonical importer or table-specific manual SQL template.,omit → NOT NULL constraint failed: candidate_skill.raw_skill_text; invalid value/combination → CHECK or trigger rejection
G08,candidate_profile,candidate_skill,matched_context_text,TEXT,no,no,no,yes,,,no,no,,No implicit business derivation. Follow the canonical importer or table-specific manual SQL template.,invalid values may still be rejected by the canonical importer
G08,candidate_profile,candidate_skill,match_method,TEXT,no,yes,yes,no,,,no,yes,,No implicit business derivation. Follow the canonical importer or table-specific manual SQL template.,omit → NOT NULL constraint failed: candidate_skill.match_method; invalid value/combination → CHECK or trigger rejection
G08,candidate_profile,candidate_skill,proficiency_level_id_snapshot,INTEGER,no,no,no,yes,,skill_proficiency_level.id ON DELETE RESTRICT,no,no,,No implicit business derivation. Follow the canonical importer or table-specific manual SQL template.,unknown parent ID → FOREIGN KEY constraint failed
G08,candidate_profile,candidate_skill,proficiency_text_snapshot,TEXT,no,no,no,yes,,,no,no,,No implicit business derivation. Follow the canonical importer or table-specific manual SQL template.,invalid values may still be rejected by the canonical importer
G08,candidate_profile,candidate_skill,years_experience_snapshot,REAL,no,no,no,yes,,,no,yes,,No implicit business derivation. Follow the canonical importer or table-specific manual SQL template.,invalid value/combination → CHECK or trigger rejection
G08,candidate_profile,candidate_skill,created_at,TEXT,no,yes,yes,no,,,no,no,,Canonical importer writes an RFC 3339 UTC timestamp when the business event occurs; do not invent a placeholder time.,omit → NOT NULL constraint failed: candidate_skill.created_at
G08,candidate_profile,education,id,INTEGER,yes,no,no,no,,,no,no,,Omit on INSERT to let SQLite/D1 allocate the row ID; never guess or reuse an ID.,invalid values may still be rejected by the canonical importer
G08,candidate_profile,education,education_uuid,TEXT,no,yes,yes,no,,,yes,yes,,Canonical importer generates or validates the stable identifier; manual SQL must provide it unless a table-specific template says otherwise.,omit → NOT NULL constraint failed: education.education_uuid; duplicate protected value → UNIQUE constraint failed; invalid value/combination → CHECK or trigger rejection
G08,candidate_profile,education,degree_id,INTEGER,no,yes,yes,no,,degree.id ON DELETE RESTRICT,no,no,,No implicit business derivation. Follow the canonical importer or table-specific manual SQL template.,omit → NOT NULL constraint failed: education.degree_id; unknown parent ID → FOREIGN KEY constraint failed
G08,candidate_profile,education,school_id,INTEGER,no,no,no,yes,,school.id ON DELETE RESTRICT,no,no,,No implicit business derivation. Follow the canonical importer or table-specific manual SQL template.,unknown parent ID → FOREIGN KEY constraint failed
G08,candidate_profile,education,field_study_id,INTEGER,no,no,no,yes,,field_study.id ON DELETE RESTRICT,no,no,,No implicit business derivation. Follow the canonical importer or table-specific manual SQL template.,unknown parent ID → FOREIGN KEY constraint failed
G08,candidate_profile,education,major_id,INTEGER,no,no,no,yes,,major.id ON DELETE RESTRICT,no,no,,No implicit business derivation. Follow the canonical importer or table-specific manual SQL template.,unknown parent ID → FOREIGN KEY constraint failed
G08,candidate_profile,education,raw_school_name,TEXT,no,yes,yes,no,,,no,yes,,No implicit business derivation. Follow the canonical importer or table-specific manual SQL template.,omit → NOT NULL constraint failed: education.raw_school_name; invalid value/combination → CHECK or trigger rejection
G08,candidate_profile,education,normalized_school_name,TEXT,no,no,no,yes,,,no,no,,Canonical importer must normalize the source value before INSERT; manual SQL must provide the reviewed normalized value.,invalid values may still be rejected by the canonical importer
G08,candidate_profile,education,raw_degree_name,TEXT,no,yes,yes,no,,,no,yes,,No implicit business derivation. Follow the canonical importer or table-specific manual SQL template.,omit → NOT NULL constraint failed: education.raw_degree_name; invalid value/combination → CHECK or trigger rejection
G08,candidate_profile,education,normalized_degree_name,TEXT,no,yes,yes,no,,,no,yes,,Canonical importer must normalize the source value before INSERT; manual SQL must provide the reviewed normalized value.,omit → NOT NULL constraint failed: education.normalized_degree_name; invalid value/combination → CHECK or trigger rejection
G08,candidate_profile,education,raw_field_study_name,TEXT,no,no,no,yes,,,no,no,,No implicit business derivation. Follow the canonical importer or table-specific manual SQL template.,invalid values may still be rejected by the canonical importer
G08,candidate_profile,education,normalized_field_study_name,TEXT,no,no,no,yes,,,no,no,,Canonical importer must normalize the source value before INSERT; manual SQL must provide the reviewed normalized value.,invalid values may still be rejected by the canonical importer
G08,candidate_profile,education,raw_major_name,TEXT,no,no,no,yes,,,no,no,,No implicit business derivation. Follow the canonical importer or table-specific manual SQL template.,invalid values may still be rejected by the canonical importer
G08,candidate_profile,education,normalized_major_name,TEXT,no,no,no,yes,,,no,no,,Canonical importer must normalize the source value before INSERT; manual SQL must provide the reviewed normalized value.,invalid values may still be rejected by the canonical importer
G08,candidate_profile,education,gpa,TEXT,no,no,no,yes,,,no,no,,No implicit business derivation. Follow the canonical importer or table-specific manual SQL template.,invalid values may still be rejected by the canonical importer
G08,candidate_profile,education,education_description,TEXT,no,yes,yes,no,,,no,yes,,No implicit business derivation. Follow the canonical importer or table-specific manual SQL template.,omit → NOT NULL constraint failed: education.education_description; invalid value/combination → CHECK or trigger rejection
G08,candidate_profile,education,education_start_date,TEXT,no,no,no,yes,,,no,no,,No implicit business derivation. Follow the canonical importer or table-specific manual SQL template.,invalid values may still be rejected by the canonical importer
G08,candidate_profile,education,education_end_date,TEXT,no,no,no,yes,,,no,no,,No implicit business derivation. Follow the canonical importer or table-specific manual SQL template.,invalid values may still be rejected by the canonical importer
G08,candidate_profile,education,is_current,INTEGER,no,no,no,yes,,,no,yes,,No implicit business derivation. Follow the canonical importer or table-specific manual SQL template.,invalid value/combination → CHECK or trigger rejection
G08,candidate_profile,education,created_at,TEXT,no,yes,yes,no,,,no,no,,Canonical importer writes an RFC 3339 UTC timestamp when the business event occurs; do not invent a placeholder time.,omit → NOT NULL constraint failed: education.created_at
G08,candidate_profile,education,updated_at,TEXT,no,yes,yes,no,,,no,no,,Canonical importer writes an RFC 3339 UTC timestamp when the business event occurs; do not invent a placeholder time.,omit → NOT NULL constraint failed: education.updated_at
G08,candidate_profile,person_certification,id,INTEGER,yes,no,no,no,,,yes,no,,Omit on INSERT to let SQLite/D1 allocate the row ID; never guess or reuse an ID.,duplicate protected value → UNIQUE constraint failed
G08,candidate_profile,person_certification,person_certification_uuid,TEXT,no,yes,yes,no,,,yes,yes,,Canonical importer generates or validates the stable identifier; manual SQL must provide it unless a table-specific template says otherwise.,omit → NOT NULL constraint failed: person_certification.person_certification_uuid; duplicate protected value → UNIQUE constraint failed; invalid value/combination → CHECK or trigger rejection
G08,candidate_profile,person_certification,person_id,INTEGER,no,yes,yes,no,,candidate_snapshot.person_id ON DELETE RESTRICT | person.id ON DELETE RESTRICT,yes,no,,No implicit business derivation. Follow the canonical importer or table-specific manual SQL template.,omit → NOT NULL constraint failed: person_certification.person_id; unknown parent ID → FOREIGN KEY constraint failed; duplicate protected value → UNIQUE constraint failed
G08,candidate_profile,person_certification,certification_id,INTEGER,no,yes,yes,no,,certification.id ON DELETE RESTRICT,no,no,,No implicit business derivation. Follow the canonical importer or table-specific manual SQL template.,omit → NOT NULL constraint failed: person_certification.certification_id; unknown parent ID → FOREIGN KEY constraint failed
G08,candidate_profile,person_certification,source_candidate_snapshot_id,INTEGER,no,no,no,yes,,candidate_snapshot.id ON DELETE RESTRICT,no,no,,No implicit business derivation. Follow the canonical importer or table-specific manual SQL template.,unknown parent ID → FOREIGN KEY constraint failed
G08,candidate_profile,person_certification,record_source,TEXT,no,yes,yes,no,,,no,yes,,No implicit business derivation. Follow the canonical importer or table-specific manual SQL template.,omit → NOT NULL constraint failed: person_certification.record_source; invalid value/combination → CHECK or trigger rejection
G08,candidate_profile,person_certification,credential_id,TEXT,no,no,no,yes,,,no,no,,No implicit business derivation. Follow the canonical importer or table-specific manual SQL template.,invalid values may still be rejected by the canonical importer
G08,candidate_profile,person_certification,credential_url,TEXT,no,no,no,yes,,,no,no,,No implicit business derivation. Follow the canonical importer or table-specific manual SQL template.,invalid values may still be rejected by the canonical importer
G08,candidate_profile,person_certification,issued_at,TEXT,no,no,no,yes,,,no,no,,Canonical importer writes an RFC 3339 UTC timestamp when the business event occurs; do not invent a placeholder time.,invalid values may still be rejected by the canonical importer
G08,candidate_profile,person_certification,expires_at,TEXT,no,no,no,yes,,,no,no,,Canonical importer writes an RFC 3339 UTC timestamp when the business event occurs; do not invent a placeholder time.,invalid values may still be rejected by the canonical importer
G08,candidate_profile,person_certification,certification_status,TEXT,no,yes,no,no,unknown,,no,yes,schema_default,Certification status may be unavailable while the certification fact remains valid.,invalid value/combination → CHECK or trigger rejection
G08,candidate_profile,person_certification,certification_instance_key,TEXT,no,yes,yes,no,,,yes,yes,,Canonical importer generates or validates the stable identifier; manual SQL must provide it unless a table-specific template says otherwise.,omit → NOT NULL constraint failed: person_certification.certification_instance_key; duplicate protected value → UNIQUE constraint failed; invalid value/combination → CHECK or trigger rejection
G08,candidate_profile,person_certification,created_at,TEXT,no,yes,yes,no,,,no,no,,Canonical importer writes an RFC 3339 UTC timestamp when the business event occurs; do not invent a placeholder time.,omit → NOT NULL constraint failed: person_certification.created_at
G08,candidate_profile,person_certification,updated_at,TEXT,no,yes,yes,no,,,no,no,,Canonical importer writes an RFC 3339 UTC timestamp when the business event occurs; do not invent a placeholder time.,omit → NOT NULL constraint failed: person_certification.updated_at
G08,candidate_profile,person_education,id,INTEGER,yes,no,no,no,,,yes,no,,Omit on INSERT to let SQLite/D1 allocate the row ID; never guess or reuse an ID.,duplicate protected value → UNIQUE constraint failed
G08,candidate_profile,person_education,person_id,INTEGER,no,yes,yes,no,,candidate_snapshot.person_id ON DELETE RESTRICT | person.id ON DELETE RESTRICT,yes,no,,No implicit business derivation. Follow the canonical importer or table-specific manual SQL template.,omit → NOT NULL constraint failed: person_education.person_id; unknown parent ID → FOREIGN KEY constraint failed; duplicate protected value → UNIQUE constraint failed
G08,candidate_profile,person_education,education_id,INTEGER,no,yes,yes,no,,education.id ON DELETE RESTRICT,yes,no,,No implicit business derivation. Follow the canonical importer or table-specific manual SQL template.,omit → NOT NULL constraint failed: person_education.education_id; unknown parent ID → FOREIGN KEY constraint failed; duplicate protected value → UNIQUE constraint failed
G08,candidate_profile,person_education,first_source_candidate_snapshot_id,INTEGER,no,yes,yes,no,,candidate_snapshot.id ON DELETE RESTRICT,no,no,,No implicit business derivation. Follow the canonical importer or table-specific manual SQL template.,omit → NOT NULL constraint failed: person_education.first_source_candidate_snapshot_id; unknown parent ID → FOREIGN KEY constraint failed
G08,candidate_profile,person_education,first_source_resume_education_id,INTEGER,no,yes,yes,no,,,no,no,,No implicit business derivation. Follow the canonical importer or table-specific manual SQL template.,omit → NOT NULL constraint failed: person_education.first_source_resume_education_id
G08,candidate_profile,person_education,education_record_sha256,TEXT,no,yes,yes,no,,,yes,yes,,No implicit business derivation. Follow the canonical importer or table-specific manual SQL template.,omit → NOT NULL constraint failed: person_education.education_record_sha256; duplicate protected value → UNIQUE constraint failed; invalid value/combination → CHECK or trigger rejection
G08,candidate_profile,person_education,recorded_at,TEXT,no,yes,yes,no,,,no,no,,Canonical importer writes an RFC 3339 UTC timestamp when the business event occurs; do not invent a placeholder time.,omit → NOT NULL constraint failed: person_education.recorded_at
G08,candidate_profile,person_education,created_at,TEXT,no,yes,yes,no,,,no,no,,Canonical importer writes an RFC 3339 UTC timestamp when the business event occurs; do not invent a placeholder time.,omit → NOT NULL constraint failed: person_education.created_at
G08,candidate_profile,person_position,id,INTEGER,yes,no,no,no,,,yes,no,,Omit on INSERT to let SQLite/D1 allocate the row ID; never guess or reuse an ID.,duplicate protected value → UNIQUE constraint failed
G08,candidate_profile,person_position,person_position_uuid,TEXT,no,yes,yes,no,,,yes,yes,,Canonical importer generates or validates the stable identifier; manual SQL must provide it unless a table-specific template says otherwise.,omit → NOT NULL constraint failed: person_position.person_position_uuid; duplicate protected value → UNIQUE constraint failed; invalid value/combination → CHECK or trigger rejection
G08,candidate_profile,person_position,person_id,INTEGER,no,yes,yes,no,,candidate_snapshot.person_id ON DELETE RESTRICT | person.id ON DELETE RESTRICT,yes,no,,No implicit business derivation. Follow the canonical importer or table-specific manual SQL template.,omit → NOT NULL constraint failed: person_position.person_id; unknown parent ID → FOREIGN KEY constraint failed; duplicate protected value → UNIQUE constraint failed
G08,candidate_profile,person_position,first_source_candidate_snapshot_id,INTEGER,no,yes,yes,no,,candidate_snapshot.id ON DELETE RESTRICT,no,no,,No implicit business derivation. Follow the canonical importer or table-specific manual SQL template.,omit → NOT NULL constraint failed: person_position.first_source_candidate_snapshot_id; unknown parent ID → FOREIGN KEY constraint failed
G08,candidate_profile,person_position,first_source_resume_employment_id,INTEGER,no,yes,yes,no,,,no,no,,No implicit business derivation. Follow the canonical importer or table-specific manual SQL template.,omit → NOT NULL constraint failed: person_position.first_source_resume_employment_id
G08,candidate_profile,person_position,company_id,INTEGER,no,no,no,yes,,company.id ON DELETE RESTRICT,no,no,,No implicit business derivation. Follow the canonical importer or table-specific manual SQL template.,unknown parent ID → FOREIGN KEY constraint failed
G08,candidate_profile,person_position,position_id,INTEGER,no,no,no,yes,,position.id ON DELETE RESTRICT,no,no,,No implicit business derivation. Follow the canonical importer or table-specific manual SQL template.,unknown parent ID → FOREIGN KEY constraint failed
G08,candidate_profile,person_position,function_id,INTEGER,no,no,no,yes,,function.id ON DELETE RESTRICT,no,no,,No implicit business derivation. Follow the canonical importer or table-specific manual SQL template.,unknown parent ID → FOREIGN KEY constraint failed
G08,candidate_profile,person_position,seniority_id,INTEGER,no,no,no,yes,,seniority.id ON DELETE RESTRICT,no,no,,No implicit business derivation. Follow the canonical importer or table-specific manual SQL template.,unknown parent ID → FOREIGN KEY constraint failed
G08,candidate_profile,person_position,location_id,INTEGER,no,no,no,yes,,location.id ON DELETE RESTRICT,no,no,,No implicit business derivation. Follow the canonical importer or table-specific manual SQL template.,unknown parent ID → FOREIGN KEY constraint failed
G08,candidate_profile,person_position,employment_type_id,INTEGER,no,no,no,yes,,position_employment_type.id ON DELETE RESTRICT,no,no,,No implicit business derivation. Follow the canonical importer or table-specific manual SQL template.,unknown parent ID → FOREIGN KEY constraint failed
G08,candidate_profile,person_position,raw_company_name,TEXT,no,yes,yes,no,,,no,yes,,No implicit business derivation. Follow the canonical importer or table-specific manual SQL template.,omit → NOT NULL constraint failed: person_position.raw_company_name; invalid value/combination → CHECK or trigger rejection
G08,candidate_profile,person_position,normalized_company_name,TEXT,no,no,no,yes,,,no,no,,Canonical importer must normalize the source value before INSERT; manual SQL must provide the reviewed normalized value.,invalid values may still be rejected by the canonical importer
G08,candidate_profile,person_position,raw_position_name,TEXT,no,yes,yes,no,,,no,yes,,No implicit business derivation. Follow the canonical importer or table-specific manual SQL template.,omit → NOT NULL constraint failed: person_position.raw_position_name; invalid value/combination → CHECK or trigger rejection
G08,candidate_profile,person_position,normalized_position_name,TEXT,no,no,no,yes,,,no,no,,Canonical importer must normalize the source value before INSERT; manual SQL must provide the reviewed normalized value.,invalid values may still be rejected by the canonical importer
G08,candidate_profile,person_position,experience_type_text,TEXT,no,no,no,yes,,,no,no,,No implicit business derivation. Follow the canonical importer or table-specific manual SQL template.,invalid values may still be rejected by the canonical importer
G08,candidate_profile,person_position,position_description,TEXT,no,yes,yes,no,,,no,yes,,No implicit business derivation. Follow the canonical importer or table-specific manual SQL template.,omit → NOT NULL constraint failed: person_position.position_description; invalid value/combination → CHECK or trigger rejection
G08,candidate_profile,person_position,position_start_date,TEXT,no,no,no,yes,,,no,yes,,No implicit business derivation. Follow the canonical importer or table-specific manual SQL template.,invalid value/combination → CHECK or trigger rejection
G08,candidate_profile,person_position,position_end_date,TEXT,no,no,no,yes,,,no,yes,,No implicit business derivation. Follow the canonical importer or table-specific manual SQL template.,invalid value/combination → CHECK or trigger rejection
G08,candidate_profile,person_position,is_current,INTEGER,no,no,no,yes,,,no,yes,,No implicit business derivation. Follow the canonical importer or table-specific manual SQL template.,invalid value/combination → CHECK or trigger rejection
G08,candidate_profile,person_position,employment_record_sha256,TEXT,no,yes,yes,no,,,yes,yes,,No implicit business derivation. Follow the canonical importer or table-specific manual SQL template.,omit → NOT NULL constraint failed: person_position.employment_record_sha256; duplicate protected value → UNIQUE constraint failed; invalid value/combination → CHECK or trigger rejection
G08,candidate_profile,person_position,created_at,TEXT,no,yes,yes,no,,,no,no,,Canonical importer writes an RFC 3339 UTC timestamp when the business event occurs; do not invent a placeholder time.,omit → NOT NULL constraint failed: person_position.created_at
G08,candidate_profile,person_position,updated_at,TEXT,no,yes,yes,no,,,no,no,,Canonical importer writes an RFC 3339 UTC timestamp when the business event occurs; do not invent a placeholder time.,omit → NOT NULL constraint failed: person_position.updated_at
G08,candidate_profile,person_project,id,INTEGER,yes,no,no,no,,,yes,no,,Omit on INSERT to let SQLite/D1 allocate the row ID; never guess or reuse an ID.,duplicate protected value → UNIQUE constraint failed
G08,candidate_profile,person_project,person_project_uuid,TEXT,no,yes,yes,no,,,yes,yes,,Canonical importer generates or validates the stable identifier; manual SQL must provide it unless a table-specific template says otherwise.,omit → NOT NULL constraint failed: person_project.person_project_uuid; duplicate protected value → UNIQUE constraint failed; invalid value/combination → CHECK or trigger rejection
G08,candidate_profile,person_project,person_id,INTEGER,no,yes,yes,no,,candidate_snapshot.person_id ON DELETE RESTRICT | person.id ON DELETE RESTRICT,yes,no,,No implicit business derivation. Follow the canonical importer or table-specific manual SQL template.,omit → NOT NULL constraint failed: person_project.person_id; unknown parent ID → FOREIGN KEY constraint failed; duplicate protected value → UNIQUE constraint failed
G08,candidate_profile,person_project,first_source_candidate_snapshot_id,INTEGER,no,yes,yes,no,,candidate_snapshot.id ON DELETE RESTRICT,no,no,,No implicit business derivation. Follow the canonical importer or table-specific manual SQL template.,omit → NOT NULL constraint failed: person_project.first_source_candidate_snapshot_id; unknown parent ID → FOREIGN KEY constraint failed
G08,candidate_profile,person_project,project_name,TEXT,no,yes,yes,no,,,no,yes,,No implicit business derivation. Follow the canonical importer or table-specific manual SQL template.,omit → NOT NULL constraint failed: person_project.project_name; invalid value/combination → CHECK or trigger rejection
G08,candidate_profile,person_project,normalized_project_name,TEXT,no,no,no,yes,,,no,no,,Canonical importer must normalize the source value before INSERT; manual SQL must provide the reviewed normalized value.,invalid values may still be rejected by the canonical importer
G08,candidate_profile,person_project,project_role,TEXT,no,no,no,yes,,,no,no,,No implicit business derivation. Follow the canonical importer or table-specific manual SQL template.,invalid values may still be rejected by the canonical importer
G08,candidate_profile,person_project,project_description,TEXT,no,yes,yes,no,,,no,yes,,No implicit business derivation. Follow the canonical importer or table-specific manual SQL template.,omit → NOT NULL constraint failed: person_project.project_description; invalid value/combination → CHECK or trigger rejection
G08,candidate_profile,person_project,project_url,TEXT,no,no,no,yes,,,no,no,,No implicit business derivation. Follow the canonical importer or table-specific manual SQL template.,invalid values may still be rejected by the canonical importer
G08,candidate_profile,person_project,project_start_date,TEXT,no,no,no,yes,,,no,no,,No implicit business derivation. Follow the canonical importer or table-specific manual SQL template.,invalid values may still be rejected by the canonical importer
G08,candidate_profile,person_project,project_end_date,TEXT,no,no,no,yes,,,no,no,,No implicit business derivation. Follow the canonical importer or table-specific manual SQL template.,invalid values may still be rejected by the canonical importer
G08,candidate_profile,person_project,project_record_sha256,TEXT,no,yes,yes,no,,,yes,yes,,No implicit business derivation. Follow the canonical importer or table-specific manual SQL template.,omit → NOT NULL constraint failed: person_project.project_record_sha256; duplicate protected value → UNIQUE constraint failed; invalid value/combination → CHECK or trigger rejection
G08,candidate_profile,person_project,created_at,TEXT,no,yes,yes,no,,,no,no,,Canonical importer writes an RFC 3339 UTC timestamp when the business event occurs; do not invent a placeholder time.,omit → NOT NULL constraint failed: person_project.created_at
G08,candidate_profile,person_project,updated_at,TEXT,no,yes,yes,no,,,no,no,,Canonical importer writes an RFC 3339 UTC timestamp when the business event occurs; do not invent a placeholder time.,omit → NOT NULL constraint failed: person_project.updated_at
G08,candidate_profile,person_skill,id,INTEGER,yes,no,no,no,,,yes,no,,Omit on INSERT to let SQLite/D1 allocate the row ID; never guess or reuse an ID.,duplicate protected value → UNIQUE constraint failed
G08,candidate_profile,person_skill,person_id,INTEGER,no,yes,yes,no,,candidate_snapshot.person_id ON DELETE RESTRICT | candidate_snapshot.person_id ON DELETE RESTRICT | person.id ON DELETE RESTRICT,yes,no,,No implicit business derivation. Follow the canonical importer or table-specific manual SQL template.,omit → NOT NULL constraint failed: person_skill.person_id; unknown parent ID → FOREIGN KEY constraint failed; duplicate protected value → UNIQUE constraint failed
G08,candidate_profile,person_skill,skill_id,INTEGER,no,yes,yes,no,,skill.id ON DELETE RESTRICT,yes,no,,No implicit business derivation. Follow the canonical importer or table-specific manual SQL template.,omit → NOT NULL constraint failed: person_skill.skill_id; unknown parent ID → FOREIGN KEY constraint failed; duplicate protected value → UNIQUE constraint failed
G08,candidate_profile,person_skill,current_proficiency_level_id,INTEGER,no,no,no,yes,,skill_proficiency_level.id ON DELETE RESTRICT,no,no,,No implicit business derivation. Follow the canonical importer or table-specific manual SQL template.,unknown parent ID → FOREIGN KEY constraint failed
G08,candidate_profile,person_skill,current_proficiency_text,TEXT,no,no,no,yes,,,no,no,,No implicit business derivation. Follow the canonical importer or table-specific manual SQL template.,invalid values may still be rejected by the canonical importer
G08,candidate_profile,person_skill,current_years_experience,REAL,no,no,no,yes,,,no,yes,,No implicit business derivation. Follow the canonical importer or table-specific manual SQL template.,invalid value/combination → CHECK or trigger rejection
G08,candidate_profile,person_skill,first_source_candidate_snapshot_id,INTEGER,no,yes,yes,no,,candidate_snapshot.id ON DELETE RESTRICT,no,no,,No implicit business derivation. Follow the canonical importer or table-specific manual SQL template.,omit → NOT NULL constraint failed: person_skill.first_source_candidate_snapshot_id; unknown parent ID → FOREIGN KEY constraint failed
G08,candidate_profile,person_skill,latest_source_candidate_snapshot_id,INTEGER,no,yes,yes,no,,candidate_snapshot.id ON DELETE RESTRICT,no,no,,No implicit business derivation. Follow the canonical importer or table-specific manual SQL template.,omit → NOT NULL constraint failed: person_skill.latest_source_candidate_snapshot_id; unknown parent ID → FOREIGN KEY constraint failed
G08,candidate_profile,person_skill,first_seen_at,TEXT,no,yes,yes,no,,,no,yes,,Canonical importer writes an RFC 3339 UTC timestamp when the business event occurs; do not invent a placeholder time.,omit → NOT NULL constraint failed: person_skill.first_seen_at; invalid value/combination → CHECK or trigger rejection
G08,candidate_profile,person_skill,last_seen_at,TEXT,no,yes,yes,no,,,no,yes,,Canonical importer writes an RFC 3339 UTC timestamp when the business event occurs; do not invent a placeholder time.,omit → NOT NULL constraint failed: person_skill.last_seen_at; invalid value/combination → CHECK or trigger rejection
G08,candidate_profile,person_skill,created_at,TEXT,no,yes,yes,no,,,no,no,,Canonical importer writes an RFC 3339 UTC timestamp when the business event occurs; do not invent a placeholder time.,omit → NOT NULL constraint failed: person_skill.created_at
G08,candidate_profile,person_skill,updated_at,TEXT,no,yes,yes,no,,,no,no,,Canonical importer writes an RFC 3339 UTC timestamp when the business event occurs; do not invent a placeholder time.,omit → NOT NULL constraint failed: person_skill.updated_at
G09,machine_learning,ml_analysis_run,id,INTEGER,yes,no,no,no,,,yes,no,,Omit on INSERT to let SQLite/D1 allocate the row ID; never guess or reuse an ID.,duplicate protected value → UNIQUE constraint failed
G09,machine_learning,ml_analysis_run,ml_analysis_run_uuid,TEXT,no,yes,yes,no,,,yes,yes,,Canonical importer generates or validates the stable identifier; manual SQL must provide it unless a table-specific template says otherwise.,omit → NOT NULL constraint failed: ml_analysis_run.ml_analysis_run_uuid; duplicate protected value → UNIQUE constraint failed; invalid value/combination → CHECK or trigger rejection
G09,machine_learning,ml_analysis_run,application_id,INTEGER,no,yes,yes,no,,candidate_snapshot.application_id ON DELETE RESTRICT | application.id ON DELETE RESTRICT,yes,no,,No implicit business derivation. Follow the canonical importer or table-specific manual SQL template.,omit → NOT NULL constraint failed: ml_analysis_run.application_id; unknown parent ID → FOREIGN KEY constraint failed; duplicate protected value → UNIQUE constraint failed
G09,machine_learning,ml_analysis_run,candidate_snapshot_id,INTEGER,no,yes,yes,no,,candidate_snapshot.id ON DELETE RESTRICT,yes,no,,No implicit business derivation. Follow the canonical importer or table-specific manual SQL template.,omit → NOT NULL constraint failed: ml_analysis_run.candidate_snapshot_id; unknown parent ID → FOREIGN KEY constraint failed; duplicate protected value → UNIQUE constraint failed
G09,machine_learning,ml_analysis_run,person_id,INTEGER,no,yes,yes,no,,candidate_snapshot.person_id ON DELETE RESTRICT,no,no,,No implicit business derivation. Follow the canonical importer or table-specific manual SQL template.,omit → NOT NULL constraint failed: ml_analysis_run.person_id; unknown parent ID → FOREIGN KEY constraint failed
G09,machine_learning,ml_analysis_run,workflow_run_id,INTEGER,no,yes,yes,no,,etl_workflow_run.id ON DELETE RESTRICT,no,no,,No implicit business derivation. Follow the canonical importer or table-specific manual SQL template.,omit → NOT NULL constraint failed: ml_analysis_run.workflow_run_id; unknown parent ID → FOREIGN KEY constraint failed
G09,machine_learning,ml_analysis_run,idempotency_key,TEXT,no,yes,yes,no,,,yes,yes,,Canonical importer generates or validates the stable identifier; manual SQL must provide it unless a table-specific template says otherwise.,omit → NOT NULL constraint failed: ml_analysis_run.idempotency_key; duplicate protected value → UNIQUE constraint failed; invalid value/combination → CHECK or trigger rejection
G09,machine_learning,ml_analysis_run,application_fence_token,TEXT,no,yes,yes,no,,,no,yes,,No implicit business derivation. Follow the canonical importer or table-specific manual SQL template.,omit → NOT NULL constraint failed: ml_analysis_run.application_fence_token; invalid value/combination → CHECK or trigger rejection
G09,machine_learning,ml_analysis_run,model_name,TEXT,no,yes,no,no,all-MiniLM-L6-v2,,no,yes,,No implicit business derivation. Follow the canonical importer or table-specific manual SQL template.,invalid value/combination → CHECK or trigger rejection
G09,machine_learning,ml_analysis_run,model_provider,TEXT,no,yes,no,no,sentence_transformers,,no,yes,,No implicit business derivation. Follow the canonical importer or table-specific manual SQL template.,invalid value/combination → CHECK or trigger rejection
G09,machine_learning,ml_analysis_run,model_revision,TEXT,no,no,no,yes,,,no,no,,No implicit business derivation. Follow the canonical importer or table-specific manual SQL template.,invalid values may still be rejected by the canonical importer
G09,machine_learning,ml_analysis_run,model_config_json,TEXT,no,yes,yes,no,,,no,yes,,No implicit business derivation. Follow the canonical importer or table-specific manual SQL template.,omit → NOT NULL constraint failed: ml_analysis_run.model_config_json; invalid value/combination → CHECK or trigger rejection
G09,machine_learning,ml_analysis_run,pipeline_code,TEXT,no,yes,yes,no,,,no,yes,,No implicit business derivation. Follow the canonical importer or table-specific manual SQL template.,omit → NOT NULL constraint failed: ml_analysis_run.pipeline_code; invalid value/combination → CHECK or trigger rejection
G09,machine_learning,ml_analysis_run,pipeline_source_code_sha256,TEXT,no,yes,yes,no,,,no,yes,,No implicit business derivation. Follow the canonical importer or table-specific manual SQL template.,omit → NOT NULL constraint failed: ml_analysis_run.pipeline_source_code_sha256; invalid value/combination → CHECK or trigger rejection
G09,machine_learning,ml_analysis_run,anomaly_rule_version,TEXT,no,yes,yes,no,,,no,yes,,No implicit business derivation. Follow the canonical importer or table-specific manual SQL template.,omit → NOT NULL constraint failed: ml_analysis_run.anomaly_rule_version; invalid value/combination → CHECK or trigger rejection
G09,machine_learning,ml_analysis_run,input_snapshot_sha256,TEXT,no,yes,yes,no,,,yes,yes,,No implicit business derivation. Follow the canonical importer or table-specific manual SQL template.,omit → NOT NULL constraint failed: ml_analysis_run.input_snapshot_sha256; duplicate protected value → UNIQUE constraint failed; invalid value/combination → CHECK or trigger rejection
G09,machine_learning,ml_analysis_run,resume_text_sha256,TEXT,no,yes,yes,no,,,no,yes,,No implicit business derivation. Follow the canonical importer or table-specific manual SQL template.,omit → NOT NULL constraint failed: ml_analysis_run.resume_text_sha256; invalid value/combination → CHECK or trigger rejection
G09,machine_learning,ml_analysis_run,position_jd_sha256,TEXT,no,yes,yes,no,,,no,yes,,No implicit business derivation. Follow the canonical importer or table-specific manual SQL template.,omit → NOT NULL constraint failed: ml_analysis_run.position_jd_sha256; invalid value/combination → CHECK or trigger rejection
G09,machine_learning,ml_analysis_run,input_feature_snapshot_json,TEXT,no,yes,yes,no,,,no,yes,,No implicit business derivation. Follow the canonical importer or table-specific manual SQL template.,omit → NOT NULL constraint failed: ml_analysis_run.input_feature_snapshot_json; invalid value/combination → CHECK or trigger rejection
G09,machine_learning,ml_analysis_run,run_status,TEXT,no,yes,no,no,running,,no,yes,schema_default,An ML analysis row is created when model processing starts.,invalid value/combination → CHECK or trigger rejection
G09,machine_learning,ml_analysis_run,last_error_code,TEXT,no,no,no,yes,,,no,no,,No implicit business derivation. Follow the canonical importer or table-specific manual SQL template.,invalid values may still be rejected by the canonical importer
G09,machine_learning,ml_analysis_run,last_error_detail,TEXT,no,no,no,yes,,,no,no,,No implicit business derivation. Follow the canonical importer or table-specific manual SQL template.,invalid values may still be rejected by the canonical importer
G09,machine_learning,ml_analysis_run,started_at,TEXT,no,yes,yes,no,,,no,no,,Canonical importer writes an RFC 3339 UTC timestamp when the business event occurs; do not invent a placeholder time.,omit → NOT NULL constraint failed: ml_analysis_run.started_at
G09,machine_learning,ml_analysis_run,completed_at,TEXT,no,no,no,yes,,,no,yes,,Canonical importer writes an RFC 3339 UTC timestamp when the business event occurs; do not invent a placeholder time.,invalid value/combination → CHECK or trigger rejection
G09,machine_learning,ml_analysis_run,created_at,TEXT,no,yes,yes,no,,,no,no,,Canonical importer writes an RFC 3339 UTC timestamp when the business event occurs; do not invent a placeholder time.,omit → NOT NULL constraint failed: ml_analysis_run.created_at
G09,machine_learning,ml_analysis_run,updated_at,TEXT,no,yes,yes,no,,,no,no,,Canonical importer writes an RFC 3339 UTC timestamp when the business event occurs; do not invent a placeholder time.,omit → NOT NULL constraint failed: ml_analysis_run.updated_at
G09,machine_learning,ml_anomaly_result,id,INTEGER,yes,no,no,no,,,yes,no,,Omit on INSERT to let SQLite/D1 allocate the row ID; never guess or reuse an ID.,duplicate protected value → UNIQUE constraint failed
G09,machine_learning,ml_anomaly_result,ml_analysis_run_id,INTEGER,no,yes,yes,no,,ml_analysis_run.id ON DELETE RESTRICT,yes,no,,No implicit business derivation. Follow the canonical importer or table-specific manual SQL template.,omit → NOT NULL constraint failed: ml_anomaly_result.ml_analysis_run_id; unknown parent ID → FOREIGN KEY constraint failed; duplicate protected value → UNIQUE constraint failed
G09,machine_learning,ml_anomaly_result,application_id,INTEGER,no,yes,yes,no,,ml_analysis_run.application_id ON DELETE RESTRICT,no,no,,No implicit business derivation. Follow the canonical importer or table-specific manual SQL template.,omit → NOT NULL constraint failed: ml_anomaly_result.application_id; unknown parent ID → FOREIGN KEY constraint failed
G09,machine_learning,ml_anomaly_result,candidate_snapshot_id,INTEGER,no,yes,yes,no,,ml_analysis_run.candidate_snapshot_id ON DELETE RESTRICT,no,no,,No implicit business derivation. Follow the canonical importer or table-specific manual SQL template.,omit → NOT NULL constraint failed: ml_anomaly_result.candidate_snapshot_id; unknown parent ID → FOREIGN KEY constraint failed
G09,machine_learning,ml_anomaly_result,has_any_anomaly,INTEGER,no,yes,yes,no,,,no,yes,,No implicit business derivation. Follow the canonical importer or table-specific manual SQL template.,omit → NOT NULL constraint failed: ml_anomaly_result.has_any_anomaly; invalid value/combination → CHECK or trigger rejection
G09,machine_learning,ml_anomaly_result,anomaly_flags_json,TEXT,no,yes,yes,no,,,no,yes,,No implicit business derivation. Follow the canonical importer or table-specific manual SQL template.,omit → NOT NULL constraint failed: ml_anomaly_result.anomaly_flags_json; invalid value/combination → CHECK or trigger rejection
G09,machine_learning,ml_anomaly_result,disposition,TEXT,no,yes,yes,no,,,no,yes,,No implicit business derivation. Follow the canonical importer or table-specific manual SQL template.,omit → NOT NULL constraint failed: ml_anomaly_result.disposition; invalid value/combination → CHECK or trigger rejection
G09,machine_learning,ml_anomaly_result,created_at,TEXT,no,yes,yes,no,,,no,no,,Canonical importer writes an RFC 3339 UTC timestamp when the business event occurs; do not invent a placeholder time.,omit → NOT NULL constraint failed: ml_anomaly_result.created_at
G09,machine_learning,ml_recommendation_result,id,INTEGER,yes,no,no,no,,,yes,no,,Omit on INSERT to let SQLite/D1 allocate the row ID; never guess or reuse an ID.,duplicate protected value → UNIQUE constraint failed
G09,machine_learning,ml_recommendation_result,recommendation_result_uuid,TEXT,no,yes,yes,no,,,yes,yes,,Canonical importer generates or validates the stable identifier; manual SQL must provide it unless a table-specific template says otherwise.,omit → NOT NULL constraint failed: ml_recommendation_result.recommendation_result_uuid; duplicate protected value → UNIQUE constraint failed; invalid value/combination → CHECK or trigger rejection
G09,machine_learning,ml_recommendation_result,ml_analysis_run_id,INTEGER,no,yes,yes,no,,ml_similarity_result.ml_analysis_run_id ON DELETE RESTRICT | ml_anomaly_result.ml_analysis_run_id ON DELETE RESTRICT | ml_analysis_run.id ON DELETE RESTRICT,yes,no,,No implicit business derivation. Follow the canonical importer or table-specific manual SQL template.,omit → NOT NULL constraint failed: ml_recommendation_result.ml_analysis_run_id; unknown parent ID → FOREIGN KEY constraint failed; duplicate protected value → UNIQUE constraint failed
G09,machine_learning,ml_recommendation_result,application_id,INTEGER,no,yes,yes,no,,ml_analysis_run.application_id ON DELETE RESTRICT,yes,no,,No implicit business derivation. Follow the canonical importer or table-specific manual SQL template.,omit → NOT NULL constraint failed: ml_recommendation_result.application_id; unknown parent ID → FOREIGN KEY constraint failed; duplicate protected value → UNIQUE constraint failed
G09,machine_learning,ml_recommendation_result,candidate_snapshot_id,INTEGER,no,yes,yes,no,,ml_analysis_run.candidate_snapshot_id ON DELETE RESTRICT,no,no,,No implicit business derivation. Follow the canonical importer or table-specific manual SQL template.,omit → NOT NULL constraint failed: ml_recommendation_result.candidate_snapshot_id; unknown parent ID → FOREIGN KEY constraint failed
G09,machine_learning,ml_recommendation_result,anomaly_result_id,INTEGER,no,yes,yes,no,,ml_anomaly_result.id ON DELETE RESTRICT,no,no,,No implicit business derivation. Follow the canonical importer or table-specific manual SQL template.,omit → NOT NULL constraint failed: ml_recommendation_result.anomaly_result_id; unknown parent ID → FOREIGN KEY constraint failed
G09,machine_learning,ml_recommendation_result,similarity_result_id,INTEGER,no,no,no,yes,,ml_similarity_result.id ON DELETE RESTRICT,no,yes,,No implicit business derivation. Follow the canonical importer or table-specific manual SQL template.,unknown parent ID → FOREIGN KEY constraint failed; invalid value/combination → CHECK or trigger rejection
G09,machine_learning,ml_recommendation_result,threshold_policy_id,INTEGER,no,no,no,yes,,ml_threshold_policy.id ON DELETE RESTRICT,no,yes,,No implicit business derivation. Follow the canonical importer or table-specific manual SQL template.,unknown parent ID → FOREIGN KEY constraint failed; invalid value/combination → CHECK or trigger rejection
G09,machine_learning,ml_recommendation_result,recommendation_method,TEXT,no,yes,yes,no,,,no,yes,,No implicit business derivation. Follow the canonical importer or table-specific manual SQL template.,omit → NOT NULL constraint failed: ml_recommendation_result.recommendation_method; invalid value/combination → CHECK or trigger rejection
G09,machine_learning,ml_recommendation_result,recommendation_decision,TEXT,no,yes,yes,no,,,no,yes,,No implicit business derivation. Follow the canonical importer or table-specific manual SQL template.,omit → NOT NULL constraint failed: ml_recommendation_result.recommendation_decision; invalid value/combination → CHECK or trigger rejection
G09,machine_learning,ml_recommendation_result,decision_reason_code,TEXT,no,yes,yes,no,,,no,yes,,No implicit business derivation. Follow the canonical importer or table-specific manual SQL template.,omit → NOT NULL constraint failed: ml_recommendation_result.decision_reason_code; invalid value/combination → CHECK or trigger rejection
G09,machine_learning,ml_recommendation_result,match_score_snapshot,REAL,no,no,no,yes,,,no,yes,,No implicit business derivation. Follow the canonical importer or table-specific manual SQL template.,invalid value/combination → CHECK or trigger rejection
G09,machine_learning,ml_recommendation_result,threshold_snapshot,REAL,no,no,no,yes,,,no,yes,,No implicit business derivation. Follow the canonical importer or table-specific manual SQL template.,invalid value/combination → CHECK or trigger rejection
G09,machine_learning,ml_recommendation_result,passed_threshold,INTEGER,no,no,no,yes,,,no,yes,,No implicit business derivation. Follow the canonical importer or table-specific manual SQL template.,invalid value/combination → CHECK or trigger rejection
G09,machine_learning,ml_recommendation_result,result_metadata_json,TEXT,no,yes,yes,no,,,no,yes,,No implicit business derivation. Follow the canonical importer or table-specific manual SQL template.,omit → NOT NULL constraint failed: ml_recommendation_result.result_metadata_json; invalid value/combination → CHECK or trigger rejection
G09,machine_learning,ml_recommendation_result,decided_at,TEXT,no,yes,yes,no,,,no,no,,Canonical importer writes an RFC 3339 UTC timestamp when the business event occurs; do not invent a placeholder time.,omit → NOT NULL constraint failed: ml_recommendation_result.decided_at
G09,machine_learning,ml_recommendation_result,published_at,TEXT,no,yes,yes,no,,,no,no,,Canonical importer writes an RFC 3339 UTC timestamp when the business event occurs; do not invent a placeholder time.,omit → NOT NULL constraint failed: ml_recommendation_result.published_at
G09,machine_learning,ml_recommendation_result,created_at,TEXT,no,yes,yes,no,,,no,no,,Canonical importer writes an RFC 3339 UTC timestamp when the business event occurs; do not invent a placeholder time.,omit → NOT NULL constraint failed: ml_recommendation_result.created_at
G09,machine_learning,ml_similarity_result,id,INTEGER,yes,no,no,no,,,yes,no,,Omit on INSERT to let SQLite/D1 allocate the row ID; never guess or reuse an ID.,duplicate protected value → UNIQUE constraint failed
G09,machine_learning,ml_similarity_result,ml_analysis_run_id,INTEGER,no,yes,yes,no,,ml_analysis_run.id ON DELETE RESTRICT,yes,no,,No implicit business derivation. Follow the canonical importer or table-specific manual SQL template.,omit → NOT NULL constraint failed: ml_similarity_result.ml_analysis_run_id; unknown parent ID → FOREIGN KEY constraint failed; duplicate protected value → UNIQUE constraint failed
G09,machine_learning,ml_similarity_result,application_id,INTEGER,no,yes,yes,no,,ml_analysis_run.application_id ON DELETE RESTRICT,no,no,,No implicit business derivation. Follow the canonical importer or table-specific manual SQL template.,omit → NOT NULL constraint failed: ml_similarity_result.application_id; unknown parent ID → FOREIGN KEY constraint failed
G09,machine_learning,ml_similarity_result,candidate_snapshot_id,INTEGER,no,yes,yes,no,,ml_analysis_run.candidate_snapshot_id ON DELETE RESTRICT,no,no,,No implicit business derivation. Follow the canonical importer or table-specific manual SQL template.,omit → NOT NULL constraint failed: ml_similarity_result.candidate_snapshot_id; unknown parent ID → FOREIGN KEY constraint failed
G09,machine_learning,ml_similarity_result,position_id,INTEGER,no,yes,yes,no,,position.id ON DELETE RESTRICT,no,no,,No implicit business derivation. Follow the canonical importer or table-specific manual SQL template.,omit → NOT NULL constraint failed: ml_similarity_result.position_id; unknown parent ID → FOREIGN KEY constraint failed
G09,machine_learning,ml_similarity_result,match_score,REAL,no,yes,yes,no,,,no,yes,,No implicit business derivation. Follow the canonical importer or table-specific manual SQL template.,omit → NOT NULL constraint failed: ml_similarity_result.match_score; invalid value/combination → CHECK or trigger rejection
G09,machine_learning,ml_similarity_result,similarity_metric,TEXT,no,yes,no,no,cosine_similarity,,no,yes,,No implicit business derivation. Follow the canonical importer or table-specific manual SQL template.,invalid value/combination → CHECK or trigger rejection
G09,machine_learning,ml_similarity_result,computed_at,TEXT,no,yes,yes,no,,,no,no,,Canonical importer writes an RFC 3339 UTC timestamp when the business event occurs; do not invent a placeholder time.,omit → NOT NULL constraint failed: ml_similarity_result.computed_at
G09,machine_learning,ml_similarity_result,created_at,TEXT,no,yes,yes,no,,,no,no,,Canonical importer writes an RFC 3339 UTC timestamp when the business event occurs; do not invent a placeholder time.,omit → NOT NULL constraint failed: ml_similarity_result.created_at
G09,machine_learning,ml_threshold_policy,id,INTEGER,yes,no,no,no,,,no,yes,,Omit on INSERT to let SQLite/D1 allocate the row ID; never guess or reuse an ID.,invalid value/combination → CHECK or trigger rejection
G09,machine_learning,ml_threshold_policy,threshold_policy_uuid,TEXT,no,yes,yes,no,,,yes,yes,,Canonical importer generates or validates the stable identifier; manual SQL must provide it unless a table-specific template says otherwise.,omit → NOT NULL constraint failed: ml_threshold_policy.threshold_policy_uuid; duplicate protected value → UNIQUE constraint failed; invalid value/combination → CHECK or trigger rejection
G09,machine_learning,ml_threshold_policy,policy_family_code,TEXT,no,yes,yes,no,,,yes,yes,,No implicit business derivation. Follow the canonical importer or table-specific manual SQL template.,omit → NOT NULL constraint failed: ml_threshold_policy.policy_family_code; duplicate protected value → UNIQUE constraint failed; invalid value/combination → CHECK or trigger rejection
G09,machine_learning,ml_threshold_policy,policy_version,INTEGER,no,yes,yes,no,,,yes,yes,,No implicit business derivation. Follow the canonical importer or table-specific manual SQL template.,omit → NOT NULL constraint failed: ml_threshold_policy.policy_version; duplicate protected value → UNIQUE constraint failed; invalid value/combination → CHECK or trigger rejection
G09,machine_learning,ml_threshold_policy,policy_name,TEXT,no,yes,yes,no,,,no,yes,,No implicit business derivation. Follow the canonical importer or table-specific manual SQL template.,omit → NOT NULL constraint failed: ml_threshold_policy.policy_name; invalid value/combination → CHECK or trigger rejection
G09,machine_learning,ml_threshold_policy,policy_band_code,TEXT,no,no,no,yes,,,yes,yes,,No implicit business derivation. Follow the canonical importer or table-specific manual SQL template.,duplicate protected value → UNIQUE constraint failed; invalid value/combination → CHECK or trigger rejection
G09,machine_learning,ml_threshold_policy,policy_scope_type,TEXT,no,yes,yes,no,,,yes,yes,,No implicit business derivation. Follow the canonical importer or table-specific manual SQL template.,omit → NOT NULL constraint failed: ml_threshold_policy.policy_scope_type; duplicate protected value → UNIQUE constraint failed; invalid value/combination → CHECK or trigger rejection
G09,machine_learning,ml_threshold_policy,company_id,INTEGER,no,no,no,yes,,company.id ON DELETE RESTRICT,yes,yes,,No implicit business derivation. Follow the canonical importer or table-specific manual SQL template.,unknown parent ID → FOREIGN KEY constraint failed; duplicate protected value → UNIQUE constraint failed; invalid value/combination → CHECK or trigger rejection
G09,machine_learning,ml_threshold_policy,position_id,INTEGER,no,no,no,yes,,position.id ON DELETE RESTRICT,yes,yes,,No implicit business derivation. Follow the canonical importer or table-specific manual SQL template.,unknown parent ID → FOREIGN KEY constraint failed; duplicate protected value → UNIQUE constraint failed; invalid value/combination → CHECK or trigger rejection
G09,machine_learning,ml_threshold_policy,match_score_threshold,REAL,no,yes,yes,no,,,no,yes,,No implicit business derivation. Follow the canonical importer or table-specific manual SQL template.,omit → NOT NULL constraint failed: ml_threshold_policy.match_score_threshold; invalid value/combination → CHECK or trigger rejection
G09,machine_learning,ml_threshold_policy,expected_retention_ratio,REAL,no,no,no,yes,,,no,yes,,No implicit business derivation. Follow the canonical importer or table-specific manual SQL template.,invalid value/combination → CHECK or trigger rejection
G09,machine_learning,ml_threshold_policy,policy_status,TEXT,no,yes,no,no,draft,,no,yes,schema_default,Threshold policy versions require explicit activation.,invalid value/combination → CHECK or trigger rejection
G09,machine_learning,ml_threshold_policy,supersedes_policy_id,INTEGER,no,no,no,yes,,ml_threshold_policy.id ON DELETE RESTRICT,no,yes,,No implicit business derivation. Follow the canonical importer or table-specific manual SQL template.,unknown parent ID → FOREIGN KEY constraint failed; invalid value/combination → CHECK or trigger rejection
G09,machine_learning,ml_threshold_policy,policy_config_json,TEXT,no,yes,yes,no,,,no,yes,,No implicit business derivation. Follow the canonical importer or table-specific manual SQL template.,omit → NOT NULL constraint failed: ml_threshold_policy.policy_config_json; invalid value/combination → CHECK or trigger rejection
G09,machine_learning,ml_threshold_policy,effective_at,TEXT,no,no,no,yes,,,no,yes,,Canonical importer writes an RFC 3339 UTC timestamp when the business event occurs; do not invent a placeholder time.,invalid value/combination → CHECK or trigger rejection
G09,machine_learning,ml_threshold_policy,retired_at,TEXT,no,no,no,yes,,,no,yes,,Canonical importer writes an RFC 3339 UTC timestamp when the business event occurs; do not invent a placeholder time.,invalid value/combination → CHECK or trigger rejection
G09,machine_learning,ml_threshold_policy,created_at,TEXT,no,yes,yes,no,,,no,no,,Canonical importer writes an RFC 3339 UTC timestamp when the business event occurs; do not invent a placeholder time.,omit → NOT NULL constraint failed: ml_threshold_policy.created_at
G09,machine_learning,ml_threshold_policy,updated_at,TEXT,no,yes,yes,no,,,no,no,,Canonical importer writes an RFC 3339 UTC timestamp when the business event occurs; do not invent a placeholder time.,omit → NOT NULL constraint failed: ml_threshold_policy.updated_at
G10,hiring_pipeline,application_stage_run,id,INTEGER,yes,no,no,no,,,yes,no,,Omit on INSERT to let SQLite/D1 allocate the row ID; never guess or reuse an ID.,duplicate protected value → UNIQUE constraint failed
G10,hiring_pipeline,application_stage_run,application_stage_run_uuid,TEXT,no,yes,yes,no,,,yes,yes,,Canonical importer generates or validates the stable identifier; manual SQL must provide it unless a table-specific template says otherwise.,omit → NOT NULL constraint failed: application_stage_run.application_stage_run_uuid; duplicate protected value → UNIQUE constraint failed; invalid value/combination → CHECK or trigger rejection
G10,hiring_pipeline,application_stage_run,application_id,INTEGER,no,yes,yes,no,,application.id ON DELETE RESTRICT,yes,no,,No implicit business derivation. Follow the canonical importer or table-specific manual SQL template.,omit → NOT NULL constraint failed: application_stage_run.application_id; unknown parent ID → FOREIGN KEY constraint failed; duplicate protected value → UNIQUE constraint failed
G10,hiring_pipeline,application_stage_run,hiring_pipeline_id,INTEGER,no,yes,yes,no,,pipeline_stage.hiring_pipeline_id ON DELETE RESTRICT | application.hiring_pipeline_id ON DELETE RESTRICT,yes,no,,No implicit business derivation. Follow the canonical importer or table-specific manual SQL template.,omit → NOT NULL constraint failed: application_stage_run.hiring_pipeline_id; unknown parent ID → FOREIGN KEY constraint failed; duplicate protected value → UNIQUE constraint failed
G10,hiring_pipeline,application_stage_run,pipeline_stage_id,INTEGER,no,yes,yes,no,,pipeline_stage.id ON DELETE RESTRICT,yes,no,,No implicit business derivation. Follow the canonical importer or table-specific manual SQL template.,omit → NOT NULL constraint failed: application_stage_run.pipeline_stage_id; unknown parent ID → FOREIGN KEY constraint failed; duplicate protected value → UNIQUE constraint failed
G10,hiring_pipeline,application_stage_run,workflow_run_id,INTEGER,no,yes,yes,no,,etl_workflow_run.id ON DELETE RESTRICT,no,no,,No implicit business derivation. Follow the canonical importer or table-specific manual SQL template.,omit → NOT NULL constraint failed: application_stage_run.workflow_run_id; unknown parent ID → FOREIGN KEY constraint failed
G10,hiring_pipeline,application_stage_run,ml_recommendation_result_id,INTEGER,no,no,no,yes,,ml_recommendation_result.id ON DELETE RESTRICT,yes,yes,,No implicit business derivation. Follow the canonical importer or table-specific manual SQL template.,unknown parent ID → FOREIGN KEY constraint failed; duplicate protected value → UNIQUE constraint failed; invalid value/combination → CHECK or trigger rejection
G10,hiring_pipeline,application_stage_run,idempotency_key,TEXT,no,yes,yes,no,,,yes,yes,,Canonical importer generates or validates the stable identifier; manual SQL must provide it unless a table-specific template says otherwise.,omit → NOT NULL constraint failed: application_stage_run.idempotency_key; duplicate protected value → UNIQUE constraint failed; invalid value/combination → CHECK or trigger rejection
G10,hiring_pipeline,application_stage_run,application_fence_token,TEXT,no,yes,yes,no,,,no,yes,,No implicit business derivation. Follow the canonical importer or table-specific manual SQL template.,omit → NOT NULL constraint failed: application_stage_run.application_fence_token; invalid value/combination → CHECK or trigger rejection
G10,hiring_pipeline,application_stage_run,actual_sequence_no,INTEGER,no,yes,yes,no,,,yes,yes,,No implicit business derivation. Follow the canonical importer or table-specific manual SQL template.,omit → NOT NULL constraint failed: application_stage_run.actual_sequence_no; duplicate protected value → UNIQUE constraint failed; invalid value/combination → CHECK or trigger rejection
G10,hiring_pipeline,application_stage_run,attempt_no,INTEGER,no,yes,yes,no,,,yes,yes,,No implicit business derivation. Follow the canonical importer or table-specific manual SQL template.,omit → NOT NULL constraint failed: application_stage_run.attempt_no; duplicate protected value → UNIQUE constraint failed; invalid value/combination → CHECK or trigger rejection
G10,hiring_pipeline,application_stage_run,run_status,TEXT,no,yes,no,no,scheduled,,no,yes,schema_default,A newly created business stage run is scheduled before execution.,invalid value/combination → CHECK or trigger rejection
G10,hiring_pipeline,application_stage_run,stage_outcome_code,TEXT,no,no,no,yes,,,no,yes,,No implicit business derivation. Follow the canonical importer or table-specific manual SQL template.,invalid value/combination → CHECK or trigger rejection
G10,hiring_pipeline,application_stage_run,score,REAL,no,no,no,yes,,,no,yes,,No implicit business derivation. Follow the canonical importer or table-specific manual SQL template.,invalid value/combination → CHECK or trigger rejection
G10,hiring_pipeline,application_stage_run,maximum_score,REAL,no,no,no,yes,,,no,yes,,No implicit business derivation. Follow the canonical importer or table-specific manual SQL template.,invalid value/combination → CHECK or trigger rejection
G10,hiring_pipeline,application_stage_run,passed_threshold,INTEGER,no,no,no,yes,,,no,yes,,No implicit business derivation. Follow the canonical importer or table-specific manual SQL template.,invalid value/combination → CHECK or trigger rejection
G10,hiring_pipeline,application_stage_run,executor_type,TEXT,no,no,no,yes,,,no,yes,,No implicit business derivation. Follow the canonical importer or table-specific manual SQL template.,invalid value/combination → CHECK or trigger rejection
G10,hiring_pipeline,application_stage_run,executor_reference,TEXT,no,no,no,yes,,,no,no,,No implicit business derivation. Follow the canonical importer or table-specific manual SQL template.,invalid values may still be rejected by the canonical importer
G10,hiring_pipeline,application_stage_run,result_summary,TEXT,no,no,no,yes,,,no,no,,No implicit business derivation. Follow the canonical importer or table-specific manual SQL template.,invalid values may still be rejected by the canonical importer
G10,hiring_pipeline,application_stage_run,result_metadata_json,TEXT,no,yes,yes,no,,,no,yes,,No implicit business derivation. Follow the canonical importer or table-specific manual SQL template.,omit → NOT NULL constraint failed: application_stage_run.result_metadata_json; invalid value/combination → CHECK or trigger rejection
G10,hiring_pipeline,application_stage_run,cancellation_reason_code,TEXT,no,no,no,yes,,,no,yes,,No implicit business derivation. Follow the canonical importer or table-specific manual SQL template.,invalid value/combination → CHECK or trigger rejection
G10,hiring_pipeline,application_stage_run,scheduled_at,TEXT,no,no,no,yes,,,no,no,,Canonical importer writes an RFC 3339 UTC timestamp when the business event occurs; do not invent a placeholder time.,invalid values may still be rejected by the canonical importer
G10,hiring_pipeline,application_stage_run,started_at,TEXT,no,no,no,yes,,,no,yes,,Canonical importer writes an RFC 3339 UTC timestamp when the business event occurs; do not invent a placeholder time.,invalid value/combination → CHECK or trigger rejection
G10,hiring_pipeline,application_stage_run,waiting_since,TEXT,no,no,no,yes,,,no,no,,No implicit business derivation. Follow the canonical importer or table-specific manual SQL template.,invalid values may still be rejected by the canonical importer
G10,hiring_pipeline,application_stage_run,completed_at,TEXT,no,no,no,yes,,,no,yes,,Canonical importer writes an RFC 3339 UTC timestamp when the business event occurs; do not invent a placeholder time.,invalid value/combination → CHECK or trigger rejection
G10,hiring_pipeline,application_stage_run,created_at,TEXT,no,yes,yes,no,,,no,no,,Canonical importer writes an RFC 3339 UTC timestamp when the business event occurs; do not invent a placeholder time.,omit → NOT NULL constraint failed: application_stage_run.created_at
G10,hiring_pipeline,application_stage_run,updated_at,TEXT,no,yes,yes,no,,,no,no,,Canonical importer writes an RFC 3339 UTC timestamp when the business event occurs; do not invent a placeholder time.,omit → NOT NULL constraint failed: application_stage_run.updated_at
G10,hiring_pipeline,application_stage_transition_event,id,INTEGER,yes,no,no,no,,,no,no,,Omit on INSERT to let SQLite/D1 allocate the row ID; never guess or reuse an ID.,invalid values may still be rejected by the canonical importer
G10,hiring_pipeline,application_stage_transition_event,transition_event_uuid,TEXT,no,yes,yes,no,,,yes,yes,,Canonical importer generates or validates the stable identifier; manual SQL must provide it unless a table-specific template says otherwise.,omit → NOT NULL constraint failed: application_stage_transition_event.transition_event_uuid; duplicate protected value → UNIQUE constraint failed; invalid value/combination → CHECK or trigger rejection
G10,hiring_pipeline,application_stage_transition_event,application_id,INTEGER,no,yes,yes,no,,application_stage_run.application_id ON DELETE RESTRICT | application_stage_run.application_id ON DELETE RESTRICT | application.id ON DELETE RESTRICT,no,no,,No implicit business derivation. Follow the canonical importer or table-specific manual SQL template.,omit → NOT NULL constraint failed: application_stage_transition_event.application_id; unknown parent ID → FOREIGN KEY constraint failed
G10,hiring_pipeline,application_stage_transition_event,hiring_pipeline_id,INTEGER,no,yes,yes,no,,application_stage_run.hiring_pipeline_id ON DELETE RESTRICT | application_stage_run.hiring_pipeline_id ON DELETE RESTRICT | pipeline_stage_transition.hiring_pipeline_id ON DELETE RESTRICT | application.hiring_pipeline_id ON DELETE RESTRICT,no,no,,No implicit business derivation. Follow the canonical importer or table-specific manual SQL template.,omit → NOT NULL constraint failed: application_stage_transition_event.hiring_pipeline_id; unknown parent ID → FOREIGN KEY constraint failed
G10,hiring_pipeline,application_stage_transition_event,configured_transition_id,INTEGER,no,no,no,yes,,pipeline_stage_transition.id ON DELETE RESTRICT,no,yes,,No implicit business derivation. Follow the canonical importer or table-specific manual SQL template.,unknown parent ID → FOREIGN KEY constraint failed; invalid value/combination → CHECK or trigger rejection
G10,hiring_pipeline,application_stage_transition_event,from_stage_run_id,INTEGER,no,no,no,yes,,application_stage_run.id ON DELETE RESTRICT,no,yes,,No implicit business derivation. Follow the canonical importer or table-specific manual SQL template.,unknown parent ID → FOREIGN KEY constraint failed; invalid value/combination → CHECK or trigger rejection
G10,hiring_pipeline,application_stage_transition_event,from_stage_id,INTEGER,no,no,no,yes,,application_stage_run.pipeline_stage_id ON DELETE RESTRICT | pipeline_stage_transition.from_stage_id ON DELETE RESTRICT,no,yes,,No implicit business derivation. Follow the canonical importer or table-specific manual SQL template.,unknown parent ID → FOREIGN KEY constraint failed; invalid value/combination → CHECK or trigger rejection
G10,hiring_pipeline,application_stage_transition_event,to_stage_run_id,INTEGER,no,yes,yes,no,,application_stage_run.id ON DELETE RESTRICT,yes,no,,No implicit business derivation. Follow the canonical importer or table-specific manual SQL template.,omit → NOT NULL constraint failed: application_stage_transition_event.to_stage_run_id; unknown parent ID → FOREIGN KEY constraint failed; duplicate protected value → UNIQUE constraint failed
G10,hiring_pipeline,application_stage_transition_event,to_stage_id,INTEGER,no,yes,yes,no,,application_stage_run.pipeline_stage_id ON DELETE RESTRICT | pipeline_stage_transition.to_stage_id ON DELETE RESTRICT,no,yes,,No implicit business derivation. Follow the canonical importer or table-specific manual SQL template.,omit → NOT NULL constraint failed: application_stage_transition_event.to_stage_id; unknown parent ID → FOREIGN KEY constraint failed; invalid value/combination → CHECK or trigger rejection
G10,hiring_pipeline,application_stage_transition_event,movement_type,TEXT,no,yes,yes,no,,,no,yes,,No implicit business derivation. Follow the canonical importer or table-specific manual SQL template.,omit → NOT NULL constraint failed: application_stage_transition_event.movement_type; invalid value/combination → CHECK or trigger rejection
G10,hiring_pipeline,application_stage_transition_event,reason_code,TEXT,no,yes,yes,no,,,no,yes,,No implicit business derivation. Follow the canonical importer or table-specific manual SQL template.,omit → NOT NULL constraint failed: application_stage_transition_event.reason_code; invalid value/combination → CHECK or trigger rejection
G10,hiring_pipeline,application_stage_transition_event,initiated_by_type,TEXT,no,yes,yes,no,,,no,yes,,No implicit business derivation. Follow the canonical importer or table-specific manual SQL template.,omit → NOT NULL constraint failed: application_stage_transition_event.initiated_by_type; invalid value/combination → CHECK or trigger rejection
G10,hiring_pipeline,application_stage_transition_event,initiated_by_reference,TEXT,no,no,no,yes,,,no,no,,No implicit business derivation. Follow the canonical importer or table-specific manual SQL template.,invalid values may still be rejected by the canonical importer
G10,hiring_pipeline,application_stage_transition_event,workflow_run_id,INTEGER,no,yes,yes,no,,etl_workflow_run.id ON DELETE RESTRICT,no,no,,No implicit business derivation. Follow the canonical importer or table-specific manual SQL template.,omit → NOT NULL constraint failed: application_stage_transition_event.workflow_run_id; unknown parent ID → FOREIGN KEY constraint failed
G10,hiring_pipeline,application_stage_transition_event,application_fence_token,TEXT,no,yes,yes,no,,,no,yes,,No implicit business derivation. Follow the canonical importer or table-specific manual SQL template.,omit → NOT NULL constraint failed: application_stage_transition_event.application_fence_token; invalid value/combination → CHECK or trigger rejection
G10,hiring_pipeline,application_stage_transition_event,idempotency_key,TEXT,no,yes,yes,no,,,yes,yes,,Canonical importer generates or validates the stable identifier; manual SQL must provide it unless a table-specific template says otherwise.,omit → NOT NULL constraint failed: application_stage_transition_event.idempotency_key; duplicate protected value → UNIQUE constraint failed; invalid value/combination → CHECK or trigger rejection
G10,hiring_pipeline,application_stage_transition_event,event_metadata_json,TEXT,no,yes,yes,no,,,no,yes,,No implicit business derivation. Follow the canonical importer or table-specific manual SQL template.,omit → NOT NULL constraint failed: application_stage_transition_event.event_metadata_json; invalid value/combination → CHECK or trigger rejection
G10,hiring_pipeline,application_stage_transition_event,occurred_at,TEXT,no,yes,yes,no,,,no,no,,Canonical importer writes an RFC 3339 UTC timestamp when the business event occurs; do not invent a placeholder time.,omit → NOT NULL constraint failed: application_stage_transition_event.occurred_at
G10,hiring_pipeline,application_stage_transition_event,created_at,TEXT,no,yes,yes,no,,,no,no,,Canonical importer writes an RFC 3339 UTC timestamp when the business event occurs; do not invent a placeholder time.,omit → NOT NULL constraint failed: application_stage_transition_event.created_at
G10,hiring_pipeline,hiring_pipeline,id,INTEGER,yes,no,no,no,,,no,no,,Omit on INSERT to let SQLite/D1 allocate the row ID; never guess or reuse an ID.,invalid values may still be rejected by the canonical importer
G10,hiring_pipeline,hiring_pipeline,hiring_pipeline_uuid,TEXT,no,yes,yes,no,,,yes,yes,,Canonical importer generates or validates the stable identifier; manual SQL must provide it unless a table-specific template says otherwise.,omit → NOT NULL constraint failed: hiring_pipeline.hiring_pipeline_uuid; duplicate protected value → UNIQUE constraint failed; invalid value/combination → CHECK or trigger rejection
G10,hiring_pipeline,hiring_pipeline,pipeline_family_code,TEXT,no,yes,yes,no,,,yes,yes,,No implicit business derivation. Follow the canonical importer or table-specific manual SQL template.,omit → NOT NULL constraint failed: hiring_pipeline.pipeline_family_code; duplicate protected value → UNIQUE constraint failed; invalid value/combination → CHECK or trigger rejection
G10,hiring_pipeline,hiring_pipeline,pipeline_version,INTEGER,no,yes,yes,no,,,yes,yes,,No implicit business derivation. Follow the canonical importer or table-specific manual SQL template.,omit → NOT NULL constraint failed: hiring_pipeline.pipeline_version; duplicate protected value → UNIQUE constraint failed; invalid value/combination → CHECK or trigger rejection
G10,hiring_pipeline,hiring_pipeline,hiring_pipeline_name,TEXT,no,yes,yes,no,,,no,yes,,No implicit business derivation. Follow the canonical importer or table-specific manual SQL template.,omit → NOT NULL constraint failed: hiring_pipeline.hiring_pipeline_name; invalid value/combination → CHECK or trigger rejection
G10,hiring_pipeline,hiring_pipeline,pipeline_description,TEXT,no,no,no,yes,,,no,no,,No implicit business derivation. Follow the canonical importer or table-specific manual SQL template.,invalid values may still be rejected by the canonical importer
G10,hiring_pipeline,hiring_pipeline,pipeline_status,TEXT,no,yes,no,no,draft,,no,yes,schema_default,Pipeline definitions require explicit publication before use.,invalid value/combination → CHECK or trigger rejection
G10,hiring_pipeline,hiring_pipeline,activated_at,TEXT,no,no,no,yes,,,no,yes,,Canonical importer writes an RFC 3339 UTC timestamp when the business event occurs; do not invent a placeholder time.,invalid value/combination → CHECK or trigger rejection
G10,hiring_pipeline,hiring_pipeline,retired_at,TEXT,no,no,no,yes,,,no,yes,,Canonical importer writes an RFC 3339 UTC timestamp when the business event occurs; do not invent a placeholder time.,invalid value/combination → CHECK or trigger rejection
G10,hiring_pipeline,hiring_pipeline,created_at,TEXT,no,yes,yes,no,,,no,no,,Canonical importer writes an RFC 3339 UTC timestamp when the business event occurs; do not invent a placeholder time.,omit → NOT NULL constraint failed: hiring_pipeline.created_at
G10,hiring_pipeline,hiring_pipeline,updated_at,TEXT,no,yes,yes,no,,,no,no,,Canonical importer writes an RFC 3339 UTC timestamp when the business event occurs; do not invent a placeholder time.,omit → NOT NULL constraint failed: hiring_pipeline.updated_at
G10,hiring_pipeline,pipeline_stage,id,INTEGER,yes,no,no,no,,,yes,no,,Omit on INSERT to let SQLite/D1 allocate the row ID; never guess or reuse an ID.,duplicate protected value → UNIQUE constraint failed
G10,hiring_pipeline,pipeline_stage,pipeline_stage_uuid,TEXT,no,yes,yes,no,,,yes,no,,Canonical importer generates or validates the stable identifier; manual SQL must provide it unless a table-specific template says otherwise.,omit → NOT NULL constraint failed: pipeline_stage.pipeline_stage_uuid; duplicate protected value → UNIQUE constraint failed
G10,hiring_pipeline,pipeline_stage,hiring_pipeline_id,INTEGER,no,yes,yes,no,,hiring_pipeline.id ON DELETE RESTRICT,yes,no,,No implicit business derivation. Follow the canonical importer or table-specific manual SQL template.,omit → NOT NULL constraint failed: pipeline_stage.hiring_pipeline_id; unknown parent ID → FOREIGN KEY constraint failed; duplicate protected value → UNIQUE constraint failed
G10,hiring_pipeline,pipeline_stage,stage_code,TEXT,no,yes,yes,no,,,yes,yes,,No implicit business derivation. Follow the canonical importer or table-specific manual SQL template.,omit → NOT NULL constraint failed: pipeline_stage.stage_code; duplicate protected value → UNIQUE constraint failed; invalid value/combination → CHECK or trigger rejection
G10,hiring_pipeline,pipeline_stage,pipeline_stage_name,TEXT,no,yes,yes,no,,,yes,yes,,No implicit business derivation. Follow the canonical importer or table-specific manual SQL template.,omit → NOT NULL constraint failed: pipeline_stage.pipeline_stage_name; duplicate protected value → UNIQUE constraint failed; invalid value/combination → CHECK or trigger rejection
G10,hiring_pipeline,pipeline_stage,stage_type,TEXT,no,yes,yes,no,,,no,yes,,No implicit business derivation. Follow the canonical importer or table-specific manual SQL template.,omit → NOT NULL constraint failed: pipeline_stage.stage_type; invalid value/combination → CHECK or trigger rejection
G10,hiring_pipeline,pipeline_stage,default_display_order,INTEGER,no,yes,yes,no,,,yes,yes,,No implicit business derivation. Follow the canonical importer or table-specific manual SQL template.,omit → NOT NULL constraint failed: pipeline_stage.default_display_order; duplicate protected value → UNIQUE constraint failed; invalid value/combination → CHECK or trigger rejection
G10,hiring_pipeline,pipeline_stage,is_initial,INTEGER,no,yes,no,no,0,,no,yes,,No implicit business derivation. Follow the canonical importer or table-specific manual SQL template.,invalid value/combination → CHECK or trigger rejection
G10,hiring_pipeline,pipeline_stage,is_terminal,INTEGER,no,yes,no,no,0,,no,yes,,No implicit business derivation. Follow the canonical importer or table-specific manual SQL template.,invalid value/combination → CHECK or trigger rejection
G10,hiring_pipeline,pipeline_stage,is_optional,INTEGER,no,yes,no,no,1,,no,yes,,No implicit business derivation. Follow the canonical importer or table-specific manual SQL template.,invalid value/combination → CHECK or trigger rejection
G10,hiring_pipeline,pipeline_stage,is_repeatable,INTEGER,no,yes,no,no,0,,no,yes,,No implicit business derivation. Follow the canonical importer or table-specific manual SQL template.,invalid value/combination → CHECK or trigger rejection
G10,hiring_pipeline,pipeline_stage,max_business_attempts,INTEGER,no,no,no,yes,,,no,yes,,No implicit business derivation. Follow the canonical importer or table-specific manual SQL template.,invalid value/combination → CHECK or trigger rejection
G10,hiring_pipeline,pipeline_stage,stage_config_json,TEXT,no,yes,yes,no,,,no,yes,,No implicit business derivation. Follow the canonical importer or table-specific manual SQL template.,omit → NOT NULL constraint failed: pipeline_stage.stage_config_json; invalid value/combination → CHECK or trigger rejection
G10,hiring_pipeline,pipeline_stage,created_at,TEXT,no,yes,yes,no,,,no,no,,Canonical importer writes an RFC 3339 UTC timestamp when the business event occurs; do not invent a placeholder time.,omit → NOT NULL constraint failed: pipeline_stage.created_at
G10,hiring_pipeline,pipeline_stage,updated_at,TEXT,no,yes,yes,no,,,no,no,,Canonical importer writes an RFC 3339 UTC timestamp when the business event occurs; do not invent a placeholder time.,omit → NOT NULL constraint failed: pipeline_stage.updated_at
G10,hiring_pipeline,pipeline_stage_transition,id,INTEGER,yes,no,no,no,,,yes,no,,Omit on INSERT to let SQLite/D1 allocate the row ID; never guess or reuse an ID.,duplicate protected value → UNIQUE constraint failed
G10,hiring_pipeline,pipeline_stage_transition,pipeline_stage_transition_uuid,TEXT,no,yes,yes,no,,,yes,no,,Canonical importer generates or validates the stable identifier; manual SQL must provide it unless a table-specific template says otherwise.,omit → NOT NULL constraint failed: pipeline_stage_transition.pipeline_stage_transition_uuid; duplicate protected value → UNIQUE constraint failed
G10,hiring_pipeline,pipeline_stage_transition,hiring_pipeline_id,INTEGER,no,yes,yes,no,,pipeline_stage.hiring_pipeline_id ON DELETE RESTRICT | pipeline_stage.hiring_pipeline_id ON DELETE RESTRICT,yes,no,,No implicit business derivation. Follow the canonical importer or table-specific manual SQL template.,omit → NOT NULL constraint failed: pipeline_stage_transition.hiring_pipeline_id; unknown parent ID → FOREIGN KEY constraint failed; duplicate protected value → UNIQUE constraint failed
G10,hiring_pipeline,pipeline_stage_transition,from_stage_id,INTEGER,no,yes,yes,no,,pipeline_stage.id ON DELETE RESTRICT,yes,yes,,No implicit business derivation. Follow the canonical importer or table-specific manual SQL template.,omit → NOT NULL constraint failed: pipeline_stage_transition.from_stage_id; unknown parent ID → FOREIGN KEY constraint failed; duplicate protected value → UNIQUE constraint failed; invalid value/combination → CHECK or trigger rejection
G10,hiring_pipeline,pipeline_stage_transition,to_stage_id,INTEGER,no,yes,yes,no,,pipeline_stage.id ON DELETE RESTRICT,yes,yes,,No implicit business derivation. Follow the canonical importer or table-specific manual SQL template.,omit → NOT NULL constraint failed: pipeline_stage_transition.to_stage_id; unknown parent ID → FOREIGN KEY constraint failed; duplicate protected value → UNIQUE constraint failed; invalid value/combination → CHECK or trigger rejection
G10,hiring_pipeline,pipeline_stage_transition,transition_category,TEXT,no,yes,yes,no,,,no,yes,,No implicit business derivation. Follow the canonical importer or table-specific manual SQL template.,omit → NOT NULL constraint failed: pipeline_stage_transition.transition_category; invalid value/combination → CHECK or trigger rejection
G10,hiring_pipeline,pipeline_stage_transition,transition_condition_json,TEXT,no,yes,yes,no,,,no,yes,,No implicit business derivation. Follow the canonical importer or table-specific manual SQL template.,omit → NOT NULL constraint failed: pipeline_stage_transition.transition_condition_json; invalid value/combination → CHECK or trigger rejection
G10,hiring_pipeline,pipeline_stage_transition,is_allowed,INTEGER,no,yes,no,no,1,,no,yes,,No implicit business derivation. Follow the canonical importer or table-specific manual SQL template.,invalid value/combination → CHECK or trigger rejection
G10,hiring_pipeline,pipeline_stage_transition,created_at,TEXT,no,yes,yes,no,,,no,no,,Canonical importer writes an RFC 3339 UTC timestamp when the business event occurs; do not invent a placeholder time.,omit → NOT NULL constraint failed: pipeline_stage_transition.created_at
G10,hiring_pipeline,pipeline_stage_transition,updated_at,TEXT,no,yes,yes,no,,,no,no,,Canonical importer writes an RFC 3339 UTC timestamp when the business event occurs; do not invent a placeholder time.,omit → NOT NULL constraint failed: pipeline_stage_transition.updated_at
G11,offer,offer,id,INTEGER,yes,no,no,no,,offer_version.offer_id ON DELETE RESTRICT,yes,no,,Omit on INSERT to let SQLite/D1 allocate the row ID; never guess or reuse an ID.,unknown parent ID → FOREIGN KEY constraint failed; duplicate protected value → UNIQUE constraint failed
G11,offer,offer,offer_uuid,TEXT,no,yes,yes,no,,,yes,yes,,Canonical importer generates or validates the stable identifier; manual SQL must provide it unless a table-specific template says otherwise.,omit → NOT NULL constraint failed: offer.offer_uuid; duplicate protected value → UNIQUE constraint failed; invalid value/combination → CHECK or trigger rejection
G11,offer,offer,application_id,INTEGER,no,yes,yes,no,,ml_recommendation_result.application_id ON DELETE RESTRICT | application_stage_run.application_id ON DELETE RESTRICT | candidate_snapshot.application_id ON DELETE RESTRICT | application.id ON DELETE RESTRICT,yes,no,,No implicit business derivation. Follow the canonical importer or table-specific manual SQL template.,omit → NOT NULL constraint failed: offer.application_id; unknown parent ID → FOREIGN KEY constraint failed; duplicate protected value → UNIQUE constraint failed
G11,offer,offer,candidate_snapshot_id,INTEGER,no,yes,yes,no,,candidate_snapshot.id ON DELETE RESTRICT,yes,no,,No implicit business derivation. Follow the canonical importer or table-specific manual SQL template.,omit → NOT NULL constraint failed: offer.candidate_snapshot_id; unknown parent ID → FOREIGN KEY constraint failed; duplicate protected value → UNIQUE constraint failed
G11,offer,offer,creating_stage_run_id,INTEGER,no,yes,yes,no,,application_stage_run.id ON DELETE RESTRICT,yes,no,,No implicit business derivation. Follow the canonical importer or table-specific manual SQL template.,omit → NOT NULL constraint failed: offer.creating_stage_run_id; unknown parent ID → FOREIGN KEY constraint failed; duplicate protected value → UNIQUE constraint failed
G11,offer,offer,ml_recommendation_result_id,INTEGER,no,no,no,yes,,ml_recommendation_result.id ON DELETE RESTRICT,yes,yes,,No implicit business derivation. Follow the canonical importer or table-specific manual SQL template.,unknown parent ID → FOREIGN KEY constraint failed; duplicate protected value → UNIQUE constraint failed; invalid value/combination → CHECK or trigger rejection
G11,offer,offer,current_offer_version_id,INTEGER,no,no,no,yes,,offer_version.id ON DELETE RESTRICT,no,yes,,No implicit business derivation. Follow the canonical importer or table-specific manual SQL template.,unknown parent ID → FOREIGN KEY constraint failed; invalid value/combination → CHECK or trigger rejection
G11,offer,offer,decision_source,TEXT,no,yes,yes,no,,,no,yes,,No implicit business derivation. Follow the canonical importer or table-specific manual SQL template.,omit → NOT NULL constraint failed: offer.decision_source; invalid value/combination → CHECK or trigger rejection
G11,offer,offer,current_status,TEXT,no,yes,no,no,draft,,no,yes,schema_default,An atomically created offer master begins as a draft.,invalid value/combination → CHECK or trigger rejection
G11,offer,offer,status_version,INTEGER,no,yes,no,no,1,,no,yes,,No implicit business derivation. Follow the canonical importer or table-specific manual SQL template.,invalid value/combination → CHECK or trigger rejection
G11,offer,offer,offer_fence_token,TEXT,no,yes,yes,no,,,no,yes,,No implicit business derivation. Follow the canonical importer or table-specific manual SQL template.,omit → NOT NULL constraint failed: offer.offer_fence_token; invalid value/combination → CHECK or trigger rejection
G11,offer,offer,company_name_snapshot,TEXT,no,yes,yes,no,,,no,yes,,No implicit business derivation. Follow the canonical importer or table-specific manual SQL template.,omit → NOT NULL constraint failed: offer.company_name_snapshot; invalid value/combination → CHECK or trigger rejection
G11,offer,offer,position_title_snapshot,TEXT,no,yes,yes,no,,,no,yes,,No implicit business derivation. Follow the canonical importer or table-specific manual SQL template.,omit → NOT NULL constraint failed: offer.position_title_snapshot; invalid value/combination → CHECK or trigger rejection
G11,offer,offer,candidate_name_snapshot,TEXT,no,yes,yes,no,,,no,yes,,No implicit business derivation. Follow the canonical importer or table-specific manual SQL template.,omit → NOT NULL constraint failed: offer.candidate_name_snapshot; invalid value/combination → CHECK or trigger rejection
G11,offer,offer,candidate_email_snapshot,TEXT,no,yes,yes,no,,,no,yes,,No implicit business derivation. Follow the canonical importer or table-specific manual SQL template.,omit → NOT NULL constraint failed: offer.candidate_email_snapshot; invalid value/combination → CHECK or trigger rejection
G11,offer,offer,application_work_location_snapshot,TEXT,no,no,no,yes,,,no,no,,No implicit business derivation. Follow the canonical importer or table-specific manual SQL template.,invalid values may still be rejected by the canonical importer
G11,offer,offer,application_work_mode_snapshot,TEXT,no,no,no,yes,,,no,no,,No implicit business derivation. Follow the canonical importer or table-specific manual SQL template.,invalid values may still be rejected by the canonical importer
G11,offer,offer,requested_start_date_snapshot,TEXT,no,no,no,yes,,,no,no,,No implicit business derivation. Follow the canonical importer or table-specific manual SQL template.,invalid values may still be rejected by the canonical importer
G11,offer,offer,requested_end_date_snapshot,TEXT,no,no,no,yes,,,no,no,,No implicit business derivation. Follow the canonical importer or table-specific manual SQL template.,invalid values may still be rejected by the canonical importer
G11,offer,offer,work_duration_snapshot,TEXT,no,no,no,yes,,,no,no,,No implicit business derivation. Follow the canonical importer or table-specific manual SQL template.,invalid values may still be rejected by the canonical importer
G11,offer,offer,current_status_changed_at,TEXT,no,yes,yes,no,,,no,no,,Canonical importer writes an RFC 3339 UTC timestamp when the business event occurs; do not invent a placeholder time.,omit → NOT NULL constraint failed: offer.current_status_changed_at
G11,offer,offer,created_at,TEXT,no,yes,yes,no,,,no,no,,Canonical importer writes an RFC 3339 UTC timestamp when the business event occurs; do not invent a placeholder time.,omit → NOT NULL constraint failed: offer.created_at
G11,offer,offer,updated_at,TEXT,no,yes,yes,no,,,no,no,,Canonical importer writes an RFC 3339 UTC timestamp when the business event occurs; do not invent a placeholder time.,omit → NOT NULL constraint failed: offer.updated_at
G11,offer,offer_status_history,id,INTEGER,yes,no,no,no,,,no,no,,Omit on INSERT to let SQLite/D1 allocate the row ID; never guess or reuse an ID.,invalid values may still be rejected by the canonical importer
G11,offer,offer_status_history,offer_status_history_uuid,TEXT,no,yes,yes,no,,,yes,yes,,Canonical importer generates or validates the stable identifier; manual SQL must provide it unless a table-specific template says otherwise.,omit → NOT NULL constraint failed: offer_status_history.offer_status_history_uuid; duplicate protected value → UNIQUE constraint failed; invalid value/combination → CHECK or trigger rejection
G11,offer,offer_status_history,offer_id,INTEGER,no,yes,yes,no,,offer_version.offer_id ON DELETE RESTRICT | offer.id ON DELETE RESTRICT,no,no,,No implicit business derivation. Follow the canonical importer or table-specific manual SQL template.,omit → NOT NULL constraint failed: offer_status_history.offer_id; unknown parent ID → FOREIGN KEY constraint failed
G11,offer,offer_status_history,application_id,INTEGER,no,yes,yes,no,,application_stage_run.application_id ON DELETE RESTRICT | offer.application_id ON DELETE RESTRICT,no,no,,No implicit business derivation. Follow the canonical importer or table-specific manual SQL template.,omit → NOT NULL constraint failed: offer_status_history.application_id; unknown parent ID → FOREIGN KEY constraint failed
G11,offer,offer_status_history,offer_version_id,INTEGER,no,no,no,yes,,offer_version.id ON DELETE RESTRICT,no,yes,,No implicit business derivation. Follow the canonical importer or table-specific manual SQL template.,unknown parent ID → FOREIGN KEY constraint failed; invalid value/combination → CHECK or trigger rejection
G11,offer,offer_status_history,workflow_run_id,INTEGER,no,yes,yes,no,,etl_workflow_run.id ON DELETE RESTRICT,no,no,,No implicit business derivation. Follow the canonical importer or table-specific manual SQL template.,omit → NOT NULL constraint failed: offer_status_history.workflow_run_id; unknown parent ID → FOREIGN KEY constraint failed
G11,offer,offer_status_history,stage_run_id,INTEGER,no,no,no,yes,,application_stage_run.id ON DELETE RESTRICT,no,no,,No implicit business derivation. Follow the canonical importer or table-specific manual SQL template.,unknown parent ID → FOREIGN KEY constraint failed
G11,offer,offer_status_history,idempotency_key,TEXT,no,yes,yes,no,,,yes,yes,,Canonical importer generates or validates the stable identifier; manual SQL must provide it unless a table-specific template says otherwise.,omit → NOT NULL constraint failed: offer_status_history.idempotency_key; duplicate protected value → UNIQUE constraint failed; invalid value/combination → CHECK or trigger rejection
G11,offer,offer_status_history,from_status,TEXT,no,no,no,yes,,,no,yes,nullable_transition_origin,The first offer transition has no preceding status; later transitions supply it explicitly.,invalid value/combination → CHECK or trigger rejection
G11,offer,offer_status_history,to_status,TEXT,no,yes,yes,no,,,no,yes,explicit_required,Every history event must explicitly identify the resulting offer status.,omit → NOT NULL constraint failed: offer_status_history.to_status; invalid value/combination → CHECK or trigger rejection
G11,offer,offer_status_history,initiated_by_type,TEXT,no,yes,yes,no,,,no,yes,,No implicit business derivation. Follow the canonical importer or table-specific manual SQL template.,omit → NOT NULL constraint failed: offer_status_history.initiated_by_type; invalid value/combination → CHECK or trigger rejection
G11,offer,offer_status_history,initiated_by_reference,TEXT,no,no,no,yes,,,no,no,,No implicit business derivation. Follow the canonical importer or table-specific manual SQL template.,invalid values may still be rejected by the canonical importer
G11,offer,offer_status_history,reason_code,TEXT,no,yes,yes,no,,,no,yes,,No implicit business derivation. Follow the canonical importer or table-specific manual SQL template.,omit → NOT NULL constraint failed: offer_status_history.reason_code; invalid value/combination → CHECK or trigger rejection
G11,offer,offer_status_history,note,TEXT,no,no,no,yes,,,no,no,,No implicit business derivation. Follow the canonical importer or table-specific manual SQL template.,invalid values may still be rejected by the canonical importer
G11,offer,offer_status_history,event_metadata_json,TEXT,no,yes,yes,no,,,no,yes,,No implicit business derivation. Follow the canonical importer or table-specific manual SQL template.,omit → NOT NULL constraint failed: offer_status_history.event_metadata_json; invalid value/combination → CHECK or trigger rejection
G11,offer,offer_status_history,occurred_at,TEXT,no,yes,yes,no,,,no,no,,Canonical importer writes an RFC 3339 UTC timestamp when the business event occurs; do not invent a placeholder time.,omit → NOT NULL constraint failed: offer_status_history.occurred_at
G11,offer,offer_status_history,created_at,TEXT,no,yes,yes,no,,,no,no,,Canonical importer writes an RFC 3339 UTC timestamp when the business event occurs; do not invent a placeholder time.,omit → NOT NULL constraint failed: offer_status_history.created_at
G11,offer,offer_version,id,INTEGER,yes,no,no,no,,,yes,no,,Omit on INSERT to let SQLite/D1 allocate the row ID; never guess or reuse an ID.,duplicate protected value → UNIQUE constraint failed
G11,offer,offer_version,offer_version_uuid,TEXT,no,yes,yes,no,,,yes,yes,,Canonical importer generates or validates the stable identifier; manual SQL must provide it unless a table-specific template says otherwise.,omit → NOT NULL constraint failed: offer_version.offer_version_uuid; duplicate protected value → UNIQUE constraint failed; invalid value/combination → CHECK or trigger rejection
G11,offer,offer_version,offer_id,INTEGER,no,yes,yes,no,,offer.id ON DELETE RESTRICT,yes,no,,No implicit business derivation. Follow the canonical importer or table-specific manual SQL template.,omit → NOT NULL constraint failed: offer_version.offer_id; unknown parent ID → FOREIGN KEY constraint failed; duplicate protected value → UNIQUE constraint failed
G11,offer,offer_version,version_no,INTEGER,no,yes,yes,no,,,yes,yes,,No implicit business derivation. Follow the canonical importer or table-specific manual SQL template.,omit → NOT NULL constraint failed: offer_version.version_no; duplicate protected value → UNIQUE constraint failed; invalid value/combination → CHECK or trigger rejection
G11,offer,offer_version,terms_sha256,TEXT,no,yes,yes,no,,,yes,yes,,No implicit business derivation. Follow the canonical importer or table-specific manual SQL template.,omit → NOT NULL constraint failed: offer_version.terms_sha256; duplicate protected value → UNIQUE constraint failed; invalid value/combination → CHECK or trigger rejection
G11,offer,offer_version,offer_title,TEXT,no,yes,yes,no,,,no,yes,,No implicit business derivation. Follow the canonical importer or table-specific manual SQL template.,omit → NOT NULL constraint failed: offer_version.offer_title; invalid value/combination → CHECK or trigger rejection
G11,offer,offer_version,employment_type_id,INTEGER,no,no,no,yes,,position_employment_type.id ON DELETE RESTRICT,no,no,,No implicit business derivation. Follow the canonical importer or table-specific manual SQL template.,unknown parent ID → FOREIGN KEY constraint failed
G11,offer,offer_version,work_location,TEXT,no,no,no,yes,,,no,no,,No implicit business derivation. Follow the canonical importer or table-specific manual SQL template.,invalid values may still be rejected by the canonical importer
G11,offer,offer_version,work_mode,TEXT,no,no,no,yes,,,no,no,,No implicit business derivation. Follow the canonical importer or table-specific manual SQL template.,invalid values may still be rejected by the canonical importer
G11,offer,offer_version,employment_start_date,TEXT,no,no,no,yes,,,no,yes,,No implicit business derivation. Follow the canonical importer or table-specific manual SQL template.,invalid value/combination → CHECK or trigger rejection
G11,offer,offer_version,employment_end_date,TEXT,no,no,no,yes,,,no,yes,,No implicit business derivation. Follow the canonical importer or table-specific manual SQL template.,invalid value/combination → CHECK or trigger rejection
G11,offer,offer_version,work_duration,TEXT,no,no,no,yes,,,no,no,,No implicit business derivation. Follow the canonical importer or table-specific manual SQL template.,invalid values may still be rejected by the canonical importer
G11,offer,offer_version,compensation_amount_minor_units,INTEGER,no,no,no,yes,,,no,yes,,No implicit business derivation. Follow the canonical importer or table-specific manual SQL template.,invalid value/combination → CHECK or trigger rejection
G11,offer,offer_version,compensation_currency_code,TEXT,no,no,no,yes,,,no,yes,,No implicit business derivation. Follow the canonical importer or table-specific manual SQL template.,invalid value/combination → CHECK or trigger rejection
G11,offer,offer_version,compensation_period,TEXT,no,no,no,yes,,,no,yes,,No implicit business derivation. Follow the canonical importer or table-specific manual SQL template.,invalid value/combination → CHECK or trigger rejection
G11,offer,offer_version,signing_bonus_minor_units,INTEGER,no,no,no,yes,,,no,yes,,No implicit business derivation. Follow the canonical importer or table-specific manual SQL template.,invalid value/combination → CHECK or trigger rejection
G11,offer,offer_version,target_bonus_description,TEXT,no,no,no,yes,,,no,no,,No implicit business derivation. Follow the canonical importer or table-specific manual SQL template.,invalid values may still be rejected by the canonical importer
G11,offer,offer_version,equity_description,TEXT,no,no,no,yes,,,no,no,,No implicit business derivation. Follow the canonical importer or table-specific manual SQL template.,invalid values may still be rejected by the canonical importer
G11,offer,offer_version,response_due_at,TEXT,no,no,no,yes,,,no,no,,Canonical importer writes an RFC 3339 UTC timestamp when the business event occurs; do not invent a placeholder time.,invalid values may still be rejected by the canonical importer
G11,offer,offer_version,offer_terms_json,TEXT,no,yes,yes,no,,,no,yes,,No implicit business derivation. Follow the canonical importer or table-specific manual SQL template.,omit → NOT NULL constraint failed: offer_version.offer_terms_json; invalid value/combination → CHECK or trigger rejection
G11,offer,offer_version,prepared_by_type,TEXT,no,yes,yes,no,,,no,yes,,No implicit business derivation. Follow the canonical importer or table-specific manual SQL template.,omit → NOT NULL constraint failed: offer_version.prepared_by_type; invalid value/combination → CHECK or trigger rejection
G11,offer,offer_version,prepared_by_reference,TEXT,no,no,no,yes,,,no,no,,No implicit business derivation. Follow the canonical importer or table-specific manual SQL template.,invalid values may still be rejected by the canonical importer
G11,offer,offer_version,created_at,TEXT,no,yes,yes,no,,,no,no,,Canonical importer writes an RFC 3339 UTC timestamp when the business event occurs; do not invent a placeholder time.,omit → NOT NULL constraint failed: offer_version.created_at
